state_code,county_fips,place_fips,effective_from,rate
AR,05001,,2022-01-01,0.075000
AR,05001,01030,2022-01-01,0.085000
AR,05001,18790,2022-01-01,0.110000
AR,05001,26980,2022-01-01,0.105000
AR,05001,33850,2022-01-01,0.085000
AR,05001,61940,2022-01-01,0.095000
AR,05001,67490,2022-01-01,0.105000
AR,05003,,2022-01-01,0.080000
AR,05003,16240,2022-01-01,0.097500
AR,05003,24670,2022-01-01,0.090000
AR,05003,29500,2022-01-01,0.110000
AR,05003,53510,2022-01-01,0.090000
AR,05003,56750,2022-01-01,0.090000
AR,05003,56750,2025-04-01,0.100000
AR,05003,75890,2022-01-01,0.100000
AR,05005,,2022-01-01,0.077500
AR,05005,05980,2022-01-01,0.087500
AR,05005,08665,2022-01-01,0.087500
AR,05005,15490,2022-01-01,0.097500
AR,05005,26050,2022-01-01,0.087500
AR,05005,26050,2024-07-01,0.092500
AR,05005,38050,2022-01-01,0.087500
AR,05005,47390,2022-01-01,0.098750
AR,05005,50000,2022-01-01,0.087500
AR,05005,62240,2022-01-01,0.087500
AR,05007,,2022-01-01,0.075000
AR,05007,03040,2022-01-01,0.085000
AR,05007,04840,2022-01-01,0.095000
AR,05007,05320,2022-01-01,0.095000
AR,05007,12340,2022-01-01,0.097500
AR,05007,12820,2022-01-01,0.095000
AR,05007,17740,2022-01-01,0.085000
AR,05007,17740,2023-04-01,0.095000
AR,05007,21430,2022-01-01,0.085000
AR,05007,25750,2022-01-01,0.090000
AR,05007,26290,2022-01-01,0.095000
AR,05007,28360,2022-01-01,0.095000
AR,05007,32200,2022-01-01,0.095000
AR,05007,40120,2022-01-01,0.085000
AR,05007,41720,2022-01-01,0.095000
AR,05007,54200,2022-01-01,0.095000
AR,05007,60410,2022-01-01,0.095000
AR,05007,64370,2022-01-01,0.095000
AR,05007,66080,2022-01-01,0.095000
AR,05007,66200,2022-01-01,0.085000
AR,05007,67760,2022-01-01,0.085000
AR,05007,67760,2024-01-01,0.095000
AR,05009,,2022-01-01,0.077500
AR,05009,01060,2022-01-01,0.087500
AR,05009,01060,2026-10-01,0.100000
AR,05009,18850,2022-01-01,0.087500
AR,05009,30460,2022-01-01,0.095000
AR,05009,39040,2022-01-01,0.087500
AR,05011,,2022-01-01,0.085000
AR,05011,03430,2022-01-01,0.085000
AR,05011,03430,2023-10-01,0.095000
AR,05011,31540,2022-01-01,0.105000
AR,05011,73310,2022-01-01,0.095000
AR,05013,,2022-01-01,0.090000
AR,05013,,2024-07-01,0.091250
AR,05013,29650,2022-01-01,0.095000
AR,05013,29650,2024-07-01,0.096250
AR,05013,69050,2022-01-01,0.100000
AR,05013,69050,2024-07-01,0.101250
AR,05015,,2022-01-01,0.070000
AR,05015,01060,2022-01-01,0.080000
AR,05015,01060,2026-10-01,0.092500
AR,05015,05560,2022-01-01,0.090000
AR,05015,22240,2022-01-01,0.093750
AR,05015,28600,2022-01-01,0.092500
AR,05015,50810,2022-01-01,0.080000
AR,05017,,2022-01-01,0.085000
AR,05017,18520,2022-01-01,0.105000
AR,05017,18520,2025-07-01,0.125000
AR,05017,22180,2022-01-01,0.105000
AR,05017,38170,2022-01-01,0.105000
AR,05019,,2022-01-01,0.080000
AR,05019,01360,2022-01-01,0.095000
AR,05019,01870,2022-01-01,0.100000
AR,05019,10360,2022-01-01,0.100000
AR,05019,29140,2022-01-01,0.090000
AR,05019,29200,2022-01-01,0.095000
AR,05021,,2022-01-01,0.080000
AR,05021,15460,2022-01-01,0.097500
AR,05021,55130,2022-01-01,0.100000
AR,05021,56600,2022-01-01,0.080000
AR,05021,56600,2024-07-01,0.090000
AR,05021,58490,2022-01-01,0.100000
AR,05023,,2022-01-01,0.081250
AR,05023,15100,2022-01-01,0.091250
AR,05023,22660,2022-01-01,0.096250
AR,05023,28810,2022-01-01,0.091250
AR,05023,31090,2022-01-01,0.091250
AR,05023,57950,2022-01-01,0.096250
AR,05025,,2022-01-01,0.097500
AR,05025,36880,2022-01-01,0.107500
AR,05025,59480,2022-01-01,0.107500
AR,05027,,2022-01-01,0.080000
AR,05027,21580,2022-01-01,0.080000
AR,05027,21580,2023-04-01,0.090000
AR,05027,43100,2022-01-01,0.080000
AR,05027,43100,2025-04-01,0.090000
AR,05027,43460,2022-01-01,0.103750
AR,05027,43460,2025-07-01,0.102500
AR,05027,68660,2022-01-01,0.100000
AR,05029,,2022-01-01,0.082500
AR,05029,45200,2022-01-01,0.112500
AR,05029,46970,2022-01-01,0.092500
AR,05029,52430,2022-01-01,0.092500
AR,05029,56480,2022-01-01,0.102500
AR,05031,,2022-01-01,0.075000
AR,05031,04180,2022-01-01,0.085000
AR,05031,04180,2024-07-01,0.095000
AR,05031,07630,2022-01-01,0.085000
AR,05031,09100,2022-01-01,0.105000
AR,05031,11410,2022-01-01,0.085000
AR,05031,11920,2022-01-01,0.085000
AR,05031,35710,2022-01-01,0.085000
AR,05031,37780,2022-01-01,0.085000
AR,05031,37780,2024-07-01,0.095000
AR,05031,46400,2022-01-01,0.085000
AR,05031,46400,2024-04-01,0.095000
AR,05033,,2022-01-01,0.077500
AR,05033,,2023-10-01,0.067500
AR,05033,,2024-01-01,0.077500
AR,05033,00970,2022-01-01,0.097500
AR,05033,00970,2023-10-01,0.077500
AR,05033,00970,2024-01-01,0.097500
AR,05033,12520,2022-01-01,0.087500
AR,05033,12520,2023-10-01,0.077500
AR,05033,12520,2024-01-01,0.087500
AR,05033,13570,2022-01-01,0.077500
AR,05033,13570,2023-10-01,0.067500
AR,05033,13570,2024-01-01,0.077500
AR,05033,13570,2026-07-01,0.087500
AR,05033,20200,2022-01-01,0.087500
AR,05033,20200,2023-10-01,0.077500
AR,05033,20200,2024-01-01,0.087500
AR,05033,36670,2022-01-01,0.087500
AR,05033,36670,2023-10-01,0.077500
AR,05033,36670,2024-01-01,0.087500
AR,05033,47300,2022-01-01,0.102500
AR,05033,47300,2023-10-01,0.092500
AR,05033,47300,2024-01-01,0.102500
AR,05033,48200,2022-01-01,0.097500
AR,05033,48200,2023-10-01,0.087500
AR,05033,48200,2024-01-01,0.097500
AR,05033,61460,2022-01-01,0.082500
AR,05033,61460,2023-10-01,0.072500
AR,05033,61460,2024-01-01,0.082500
AR,05033,71480,2022-01-01,0.092500
AR,05033,71480,2023-10-01,0.082500
AR,05033,71480,2024-01-01,0.092500
AR,05033,71480,2026-07-01,0.102500
AR,05035,,2022-01-01,0.082500
AR,05035,01457,2022-01-01,0.102500
AR,05035,15940,2022-01-01,0.102500
AR,05035,20320,2022-01-01,0.102500
AR,05035,27040,2022-01-01,0.092500
AR,05035,35040,2022-01-01,0.092500
AR,05035,44180,2022-01-01,0.102500
AR,05035,68060,2022-01-01,0.112500
AR,05035,70430,2022-01-01,0.102500
AR,05035,74540,2022-01-01,0.097500
AR,05035,74540,2025-04-01,0.105000
AR,05037,,2022-01-01,0.095000
AR,05037,,2026-07-01,0.086250
AR,05037,13540,2022-01-01,0.105000
AR,05037,13540,2025-10-01,0.115000
AR,05037,13540,2026-04-01,0.105000
AR,05037,13540,2026-07-01,0.096250
AR,05037,31900,2022-01-01,0.095000
AR,05037,31900,2025-04-01,0.105000
AR,05037,31900,2026-07-01,0.096250
AR,05037,53600,2022-01-01,0.105000
AR,05037,53600,2026-04-02,0.095000
AR,05037,53600,2026-07-01,0.086250
AR,05037,77090,2022-01-01,0.105000
AR,05037,77090,2026-07-01,0.096250
AR,05039,,2022-01-01,0.085000
AR,05039,11830,2022-01-01,0.085000
AR,05039,11830,2024-10-01,0.100000
AR,05039,24220,2022-01-01,0.100000
AR,05039,65900,2022-01-01,0.095000
AR,05041,,2022-01-01,0.080000
AR,05041,01990,2022-01-01,0.080000
AR,05041,01990,2023-04-01,0.100000
AR,05041,19990,2022-01-01,0.110000
AR,05041,42770,2022-01-01,0.110000
AR,05041,69230,2022-01-01,0.080000
AR,05041,69230,2025-04-01,0.100000
AR,05043,,2022-01-01,0.087500
AR,05043,46580,2022-01-01,0.097500
AR,05043,69230,2022-01-01,0.087500
AR,05043,69230,2025-04-01,0.107500
AR,05043,75860,2022-01-01,0.087500
AR,05043,75860,2025-07-01,0.097500
AR,05045,,2022-01-01,0.070000
AR,05045,15190,2022-01-01,0.091250
AR,05045,15190,2023-04-01,0.087500
AR,05045,15190,2026-04-01,0.091250
AR,05045,17290,2022-01-01,0.080000
AR,05045,28510,2022-01-01,0.095000
AR,05045,29230,2022-01-01,0.085000
AR,05045,44750,2022-01-01,0.095000
AR,05045,57950,2022-01-01,0.085000
AR,05045,71960,2022-01-01,0.097500
AR,05047,,2022-01-01,0.085000
AR,05047,01210,2022-01-01,0.095000
AR,05047,08440,2022-01-01,0.095000
AR,05047,13300,2022-01-01,0.100000
AR,05047,52970,2022-01-01,0.105000
AR,05047,75570,2022-01-01,0.095000
AR,05049,,2022-01-01,0.095000
AR,05049,02470,2022-01-01,0.108750
AR,05049,13450,2022-01-01,0.105000
AR,05049,29920,2022-01-01,0.105000
AR,05049,33370,2022-01-01,0.115000
AR,05049,43670,2022-01-01,0.105000
AR,05049,62150,2022-01-01,0.105000
AR,05049,72140,2022-01-01,0.115000
AR,05051,,2022-01-01,0.080000
AR,05051,33400,2022-01-01,0.095000
AR,05053,,2022-01-01,0.077500
AR,05053,63710,2022-01-01,0.097500
AR,05055,,2022-01-01,0.078750
AR,05055,44240,2022-01-01,0.091250
AR,05055,51060,2022-01-01,0.088750
AR,05055,53390,2022-01-01,0.086250
AR,05055,53390,2024-07-01,0.093750
AR,05057,,2022-01-01,0.095000
AR,05057,,2022-07-01,0.085000
AR,05057,,2026-10-01,0.092500
AR,05057,07030,2022-01-01,0.110000
AR,05057,07030,2022-07-01,0.100000
AR,05057,07030,2026-10-01,0.107500
AR,05057,33190,2022-01-01,0.105000
AR,05057,33190,2022-07-01,0.095000
AR,05057,33190,2025-04-01,0.105000
AR,05057,33190,2026-10-01,0.112500
AR,05057,42410,2022-01-01,0.110000
AR,05057,42410,2022-07-01,0.100000
AR,05057,42410,2026-10-01,0.107500
AR,05057,43070,2022-01-01,0.095000
AR,05057,43070,2022-07-01,0.085000
AR,05057,43070,2022-10-01,0.100000
AR,05057,43070,2026-10-01,0.107500
AR,05057,53900,2022-01-01,0.105000
AR,05057,53900,2022-07-01,0.095000
AR,05057,53900,2026-10-01,0.102500
AR,05057,73370,2022-01-01,0.105000
AR,05057,73370,2022-07-01,0.095000
AR,05057,73370,2026-10-01,0.102500
AR,05059,,2022-01-01,0.080000
AR,05059,43610,2022-01-01,0.100000
AR,05059,54620,2022-01-01,0.090000
AR,05059,60020,2022-01-01,0.100000
AR,05059,60020,2022-04-01,0.110000
AR,05061,,2022-01-01,0.092500
AR,05061,,2025-10-01,0.082500
AR,05061,,2026-01-01,0.092500
AR,05061,18970,2022-01-01,0.102500
AR,05061,18970,2025-10-01,0.092500
AR,05061,18970,2026-01-01,0.102500
AR,05061,46040,2022-01-01,0.102500
AR,05061,46040,2025-10-01,0.092500
AR,05061,46040,2026-01-01,0.102500
AR,05061,48560,2022-01-01,0.102500
AR,05061,48560,2025-10-01,0.092500
AR,05061,48560,2026-01-01,0.102500
AR,05063,,2022-01-01,0.080000
AR,05063,04030,2022-01-01,0.100000
AR,05063,12280,2022-01-01,0.090000
AR,05063,16930,2022-01-01,0.080000
AR,05063,16930,2023-04-01,0.090000
AR,05063,46730,2022-01-01,0.100000
AR,05063,56270,2022-01-01,0.100000
AR,05063,56270,2024-04-01,0.110000
AR,05065,,2022-01-01,0.070000
AR,05065,10570,2022-01-01,0.100000
AR,05065,25030,2022-01-01,0.080000
AR,05065,29080,2022-01-01,0.080000
AR,05065,33370,2022-01-01,0.090000
AR,05065,45080,2022-01-01,0.090000
AR,05065,52880,2022-01-01,0.080000
AR,05065,55580,2022-01-01,0.080000
AR,05067,,2022-01-01,0.087500
AR,05067,,2026-07-01,0.083750
AR,05067,04720,2022-01-01,0.092500
AR,05067,04720,2026-07-01,0.088750
AR,05067,18940,2022-01-01,0.097500
AR,05067,18940,2026-07-01,0.093750
AR,05067,49580,2022-01-01,0.102500
AR,05067,49580,2026-07-01,0.098750
AR,05067,68360,2022-01-01,0.097500
AR,05067,68360,2026-07-01,0.093750
AR,05067,70100,2022-01-01,0.100000
AR,05067,70100,2026-07-01,0.096250
AR,05069,,2022-01-01,0.077500
AR,05069,01150,2022-01-01,0.087500
AR,05069,33850,2022-01-01,0.087500
AR,05069,55310,2022-01-01,0.100000
AR,05069,55310,2024-10-01,0.093750
AR,05069,58580,2022-01-01,0.097500
AR,05069,63740,2022-01-01,0.087500
AR,05069,72230,2022-01-01,0.097500
AR,05069,75170,2022-01-01,0.087500
AR,05071,,2022-01-01,0.075000
AR,05071,14140,2022-01-01,0.095000
AR,05071,14500,2022-01-01,0.085000
AR,05071,38290,2022-01-01,0.095000
AR,05073,,2022-01-01,0.087500
AR,05073,08290,2022-01-01,0.097500
AR,05073,39640,2022-01-01,0.097500
AR,05073,66320,2022-01-01,0.097500
AR,05075,,2022-01-01,0.090000
AR,05075,06700,2022-01-01,0.100000
AR,05075,33580,2022-01-01,0.100000
AR,05075,34150,2022-01-01,0.100000
AR,05075,56720,2022-01-01,0.100000
AR,05075,57050,2022-01-01,0.090000
AR,05075,57050,2025-04-01,0.100000
AR,05075,58250,2022-01-01,0.100000
AR,05075,72890,2022-01-01,0.110000
AR,05077,,2022-01-01,0.075000
AR,05077,44120,2022-01-01,0.095000
AR,05077,46910,2022-01-01,0.085000
AR,05079,,2022-01-01,0.085000
AR,05079,27730,2022-01-01,0.115000
AR,05079,27790,2022-01-01,0.095000
AR,05079,66440,2022-01-01,0.097500
AR,05081,,2022-01-01,0.093750
AR,05081,02380,2022-01-01,0.113750
AR,05081,24250,2022-01-01,0.103750
AR,05081,75980,2022-01-01,0.103750
AR,05083,,2022-01-01,0.085000
AR,05083,,2026-10-01,0.080000
AR,05083,07210,2022-01-01,0.095000
AR,05083,07210,2026-10-01,0.090000
AR,05083,07720,2022-01-01,0.105000
AR,05083,07720,2026-10-01,0.100000
AR,05083,43310,2022-01-01,0.105000
AR,05083,43310,2026-10-01,0.100000
AR,05083,47030,2022-01-01,0.095000
AR,05083,47030,2026-10-01,0.090000
AR,05083,53480,2022-01-01,0.100000
AR,05083,53480,2026-10-01,0.095000
AR,05083,62960,2022-01-01,0.095000
AR,05083,62960,2026-10-01,0.090000
AR,05083,67520,2022-01-01,0.095000
AR,05083,67520,2026-10-01,0.090000
AR,05085,,2022-01-01,0.080000
AR,05085,02860,2022-01-01,0.100000
AR,05085,10300,2022-01-01,0.100000
AR,05085,11500,2022-01-01,0.101250
AR,05085,21730,2022-01-01,0.110000
AR,05085,33820,2022-01-01,0.080000
AR,05085,33820,2023-04-01,0.090000
AR,05085,33820,2025-04-01,0.095000
AR,05085,36550,2022-01-01,0.090000
AR,05085,41420,2022-01-01,0.110000
AR,05085,73130,2022-01-01,0.100000
AR,05087,,2022-01-01,0.085000
AR,05087,,2023-04-01,0.090000
AR,05087,,2025-10-01,0.100000
AR,05087,33970,2022-01-01,0.105000
AR,05087,33970,2023-04-01,0.110000
AR,05087,33970,2024-07-01,0.100000
AR,05087,33970,2025-10-01,0.110000
AR,05087,62060,2022-01-01,0.105000
AR,05087,62060,2023-04-01,0.110000
AR,05087,62060,2025-10-01,0.120000
AR,05089,,2022-01-01,0.082500
AR,05089,,2026-04-01,0.077500
AR,05089,09790,2022-01-01,0.102500
AR,05089,09790,2026-04-01,0.097500
AR,05089,24010,2022-01-01,0.092500
AR,05089,24010,2024-04-01,0.097500
AR,05089,24010,2026-04-01,0.092500
AR,05089,57890,2022-01-01,0.087500
AR,05089,57890,2025-04-01,0.097500
AR,05089,57890,2026-04-01,0.092500
AR,05089,67940,2022-01-01,0.092500
AR,05089,67940,2026-04-01,0.087500
AR,05089,77330,2022-01-01,0.102500
AR,05089,77330,2026-04-01,0.097500
AR,05091,,2022-01-01,0.077500
AR,05091,24640,2022-01-01,0.087500
AR,05091,25780,2022-01-01,0.087500
AR,05091,68810,2022-01-01,0.102500
AR,05093,,2022-01-01,0.090000
AR,05093,07330,2022-01-01,0.105000
AR,05093,22120,2022-01-01,0.100000
AR,05093,27700,2022-01-01,0.105000
AR,05093,35650,2022-01-01,0.102500
AR,05093,36310,2022-01-01,0.110000
AR,05093,39010,2022-01-01,0.100000
AR,05093,42170,2022-01-01,0.100000
AR,05093,43820,2022-01-01,0.102500
AR,05093,52580,2022-01-01,0.100000
AR,05093,52580,2024-04-01,0.110000
AR,05093,75920,2022-01-01,0.100000
AR,05095,,2022-01-01,0.065000
AR,05095,08950,2022-01-01,0.095000
AR,05095,08950,2023-10-01,0.085000
AR,05095,08950,2024-01-01,0.095000
AR,05095,13990,2022-01-01,0.095000
AR,05095,13990,2023-04-01,0.105000
AR,05095,32800,2022-01-01,0.095000
AR,05095,60380,2022-01-01,0.075000
AR,05097,,2022-01-01,0.095000
AR,05097,27310,2022-01-01,0.110000
AR,05097,47690,2022-01-01,0.105000
AR,05097,50030,2022-01-01,0.105000
AR,05099,,2022-01-01,0.085000
AR,05099,57260,2022-01-01,0.095000
AR,05099,57260,2024-01-01,0.105000
AR,05099,61040,2022-01-01,0.085000
AR,05099,61040,2022-04-01,0.095000
AR,05099,61040,2025-04-01,0.100000
AR,05101,,2022-01-01,0.075000
AR,05101,34900,2022-01-01,0.095000
AR,05101,74330,2022-01-01,0.085000
AR,05103,,2022-01-01,0.090000
AR,05103,,2023-01-01,0.085000
AR,05103,,2024-10-01,0.090000
AR,05103,04420,2022-01-01,0.100000
AR,05103,04420,2023-01-01,0.095000
AR,05103,04420,2024-10-01,0.100000
AR,05103,10720,2022-01-01,0.107500
AR,05103,10720,2023-01-01,0.102500
AR,05103,10720,2024-10-01,0.107500
AR,05103,13750,2022-01-01,0.110000
AR,05103,13750,2023-01-01,0.105000
AR,05103,13750,2024-10-01,0.110000
AR,05103,20440,2022-01-01,0.100000
AR,05103,20440,2023-01-01,0.095000
AR,05103,20440,2024-10-01,0.100000
AR,05103,66860,2022-01-01,0.100000
AR,05103,66860,2023-01-01,0.095000
AR,05103,66860,2024-10-01,0.100000
AR,05103,66860,2025-07-01,0.120000
AR,05105,,2022-01-01,0.092500
AR,05105,54650,2022-01-01,0.092500
AR,05105,54650,2026-07-01,0.102500
AR,05105,54710,2022-01-01,0.102500
AR,05107,,2022-01-01,0.085000
AR,05107,31190,2022-01-01,0.105000
AR,05107,44420,2022-01-01,0.105000
AR,05107,44420,2025-04-01,0.115000
AR,05109,,2022-01-01,0.085000
AR,05109,18100,2022-01-01,0.095000
AR,05109,27310,2022-01-01,0.100000
AR,05109,48290,2022-01-01,0.100000
AR,05111,,2022-01-01,0.082500
AR,05111,30400,2022-01-01,0.102500
AR,05111,39370,2022-01-01,0.105000
AR,05111,39370,2023-01-01,0.097500
AR,05111,44210,2022-01-01,0.102500
AR,05111,70010,2022-01-01,0.102500
AR,05111,70700,2022-01-01,0.092500
AR,05111,72320,2022-01-01,0.097500
AR,05111,72320,2023-04-01,0.102500
AR,05111,73940,2022-01-01,0.092500
AR,05111,73940,2023-04-01,0.097500
AR,05113,,2022-01-01,0.085000
AR,05113,15700,2022-01-01,0.105000
AR,05113,27970,2022-01-01,0.085000
AR,05113,27970,2024-01-01,0.095000
AR,05113,30700,2022-01-01,0.095000
AR,05113,45170,2022-01-01,0.095000
AR,05113,71510,2022-01-01,0.095000
AR,05113,75500,2022-01-01,0.095000
AR,05115,,2022-01-01,0.075000
AR,05115,02590,2022-01-01,0.095000
AR,05115,19600,2022-01-01,0.095000
AR,05115,31150,2022-01-01,0.090000
AR,05115,41270,2022-01-01,0.075000
AR,05115,41270,2022-07-01,0.085000
AR,05115,56990,2022-01-01,0.090000
AR,05115,61670,2022-01-01,0.090000
AR,05117,,2022-01-01,0.080000
AR,05117,18550,2022-01-01,0.110000
AR,05117,18640,2022-01-01,0.110000
AR,05117,18640,2023-04-01,0.100000
AR,05117,18640,2025-04-01,0.110000
AR,05117,30940,2022-01-01,0.110000
AR,05119,,2022-01-01,0.075000
AR,05119,00580,2022-01-01,0.105000
AR,05119,34750,2022-01-01,0.095000
AR,05119,41000,2022-01-01,0.086250
AR,05119,44600,2022-01-01,0.095000
AR,05119,50450,2022-01-01,0.095000
AR,05119,63800,2022-01-01,0.095000
AR,05121,,2022-01-01,0.077500
AR,05121,44780,2022-01-01,0.092500
AR,05121,56540,2022-01-01,0.097500
AR,05123,,2022-01-01,0.095000
AR,05123,,2025-10-01,0.093750
AR,05123,14950,2022-01-01,0.095000
AR,05123,14950,2025-04-01,0.105000
AR,05123,14950,2025-10-01,0.103750
AR,05123,24430,2022-01-01,0.113750
AR,05123,24430,2025-10-01,0.112500
AR,05123,33760,2022-01-01,0.105000
AR,05123,33760,2025-10-01,0.103750
AR,05123,35040,2022-01-01,0.105000
AR,05123,35040,2025-10-01,0.103750
AR,05123,43280,2022-01-01,0.105000
AR,05123,43280,2025-10-01,0.103750
AR,05123,53150,2022-01-01,0.115000
AR,05123,53150,2025-10-01,0.113750
AR,05123,74840,2022-01-01,0.105000
AR,05123,74840,2025-10-01,0.103750
AR,05123,75560,2022-01-01,0.112500
AR,05123,75560,2025-10-01,0.111250
AR,05125,,2022-01-01,0.068750
AR,05125,,2025-10-01,0.065000
AR,05125,00580,2022-01-01,0.098750
AR,05125,00580,2025-10-01,0.095000
AR,05125,04090,2022-01-01,0.083750
AR,05125,04090,2025-10-01,0.080000
AR,05125,05290,2022-01-01,0.093750
AR,05125,05290,2025-10-01,0.090000
AR,05125,09460,2022-01-01,0.098750
AR,05125,09460,2025-10-01,0.095000
AR,05125,30640,2022-01-01,0.088750
AR,05125,30640,2025-10-01,0.085000
AR,05125,63470,2022-01-01,0.078750
AR,05125,63470,2025-10-01,0.075000
AR,05127,,2022-01-01,0.085000
AR,05127,43880,2022-01-01,0.110000
AR,05127,72380,2022-01-01,0.105000
AR,05127,72380,2022-10-01,0.095000
AR,05129,,2022-01-01,0.080000
AR,05129,05980,2022-01-01,0.090000
AR,05129,26800,2022-01-01,0.090000
AR,05129,39460,2022-01-01,0.090000
AR,05129,44300,2022-01-01,0.085000
AR,05129,44300,2024-04-01,0.095000
AR,05131,,2022-01-01,0.075000
AR,05131,03640,2022-01-01,0.095000
AR,05131,03640,2025-01-02,0.075000
AR,05131,03640,2025-04-01,0.095000
AR,05131,07540,2022-01-01,0.085000
AR,05131,24550,2022-01-01,0.095000
AR,05131,28780,2022-01-01,0.095000
AR,05131,29290,2022-01-01,0.085000
AR,05131,30490,2022-01-01,0.095000
AR,05131,33940,2022-01-01,0.090000
AR,05131,43880,2022-01-01,0.100000
AR,05131,45500,2022-01-01,0.075000
AR,05131,45500,2022-10-01,0.085000
AR,05133,,2022-01-01,0.096250
AR,05133,18490,2022-01-01,0.106250
AR,05133,27010,2022-01-01,0.126250
AR,05133,33310,2022-01-01,0.106250
AR,05133,41090,2022-01-01,0.103750
AR,05135,,2022-01-01,0.082500
AR,05135,,2026-01-01,0.077500
AR,05135,02470,2022-01-01,0.096250
AR,05135,02470,2026-01-01,0.091250
AR,05135,12280,2022-01-01,0.092500
AR,05135,12280,2026-01-01,0.087500
AR,05135,13450,2022-01-01,0.092500
AR,05135,13450,2026-01-01,0.087500
AR,05135,22360,2022-01-01,0.092500
AR,05135,22360,2026-01-01,0.087500
AR,05135,29920,2022-01-01,0.092500
AR,05135,29920,2026-01-01,0.087500
AR,05135,32257,2022-01-01,0.097500
AR,05135,32257,2026-01-01,0.092500
AR,05135,33370,2022-01-01,0.102500
AR,05135,33370,2026-01-01,0.097500
AR,05137,,2022-01-01,0.080000
AR,05137,,2026-10-01,0.075000
AR,05137,47540,2022-01-01,0.100000
AR,05137,47540,2026-10-01,0.095000
AR,05139,,2022-01-01,0.085000
AR,05139,21070,2022-01-01,0.097500
AR,05139,21070,2026-07-01,0.102500
AR,05139,36130,2022-01-01,0.095000
AR,05139,67370,2022-01-01,0.095000
AR,05141,,2022-01-01,0.080000
AR,05141,14260,2022-01-01,0.090000
AR,05141,17290,2022-01-01,0.090000
AR,05141,22660,2022-01-01,0.095000
AR,05141,63980,2022-01-01,0.090000
AR,05143,,2022-01-01,0.077500
AR,05143,21190,2022-01-01,0.105000
AR,05143,21430,2022-01-01,0.087500
AR,05143,23170,2022-01-01,0.097500
AR,05143,23290,2022-01-01,0.097500
AR,05143,27670,2022-01-01,0.097500
AR,05143,28660,2022-01-01,0.107500
AR,05143,28660,2025-04-01,0.122500
AR,05143,35500,2022-01-01,0.107500
AR,05143,39970,2022-01-01,0.107500
AR,05143,57170,2022-01-01,0.105000
AR,05143,66080,2022-01-01,0.097500
AR,05143,69740,2022-01-01,0.105000
AR,05143,74360,2022-01-01,0.107500
AR,05143,76190,2022-01-01,0.097500
AR,05145,,2022-01-01,0.082500
AR,05145,03280,2022-01-01,0.097500
AR,05145,04600,2022-01-01,0.095000
AR,05145,08260,2022-01-01,0.102500
AR,05145,32140,2022-01-01,0.092500
AR,05145,36040,2022-01-01,0.092500
AR,05145,36430,2022-01-01,0.082500
AR,05145,36430,2025-04-01,0.092500
AR,05145,43220,2022-01-01,0.092500
AR,05145,53240,2022-01-01,0.092500
AR,05145,60770,2022-01-01,0.102500
AR,05145,63020,2022-01-01,0.097500
AR,05145,63020,2024-07-01,0.102500
AR,05147,,2022-01-01,0.085000
AR,05147,02740,2022-01-01,0.095000
AR,05147,15550,2022-01-01,0.095000
AR,05147,42500,2022-01-01,0.095000
AR,05147,53990,2022-01-01,0.095000
AR,05149,,2022-01-01,0.076250
AR,05149,04960,2022-01-01,0.086250
AR,05149,17320,2022-01-01,0.091250
AR,05149,17380,2022-01-01,0.096250
AR,05149,30790,2022-01-01,0.086250
AR,05149,51560,2022-01-01,0.096250
AR,05149,55970,2022-01-01,0.091250
GA,13001,,2022-01-01,0.080000
GA,13001,,2022-04-01,0.070000
GA,13001,,2022-10-01,0.080000
GA,13003,,2022-01-01,0.080000
GA,13005,,2022-01-01,0.080000
GA,13007,,2022-01-01,0.070000
GA,13007,,2024-04-01,0.080000
GA,13009,,2022-01-01,0.070000
GA,13009,,2024-04-01,0.080000
GA,13011,,2022-01-01,0.080000
GA,13011,,2026-01-01,0.090000
GA,13013,,2022-01-01,0.070000
GA,13013,,2024-04-01,0.080000
GA,13015,,2022-01-01,0.070000
GA,13017,,2022-01-01,0.080000
GA,13019,,2022-01-01,0.080000
GA,13019,,2026-01-01,0.090000
GA,13021,49008,2022-01-01,0.080000
GA,13021,49008,2025-10-01,0.070000
GA,13021,49008,2026-04-01,0.080000
GA,13023,,2022-01-01,0.080000
GA,13025,,2022-01-01,0.080000
GA,13027,,2022-01-01,0.080000
GA,13029,,2022-01-01,0.080000
GA,13029,,2026-01-01,0.090000
GA,13031,,2022-01-01,0.080000
GA,13031,,2026-01-01,0.090000
GA,13033,,2022-01-01,0.070000
GA,13035,,2022-01-01,0.070000
GA,13035,,2026-01-01,0.080000
GA,13037,,2022-01-01,0.080000
GA,13037,,2022-07-01,0.070000
GA,13037,,2023-04-01,0.080000
GA,13039,,2022-01-01,0.070000
GA,13043,,2022-01-01,0.080000
GA,13043,,2026-01-01,0.090000
GA,13045,,2022-01-01,0.070000
GA,13047,,2022-01-01,0.070000
GA,13049,,2022-01-01,0.070000
GA,13049,,2026-10-01,0.080000
GA,13051,,2022-01-01,0.070000
GA,13053,21017,2022-01-01,0.080000
GA,13053,21017,2026-01-01,0.090000
GA,13055,,2022-01-01,0.070000
GA,13055,,2026-01-01,0.080000
GA,13055,,2026-04-01,0.090000
GA,13057,,2022-01-01,0.060000
GA,13057,,2026-04-01,0.070000
GA,13059,03440,2022-01-01,0.080000
GA,13059,09068,2022-01-01,0.080000
GA,13059,83728,2022-01-01,0.080000
GA,13061,,2022-01-01,0.080000
GA,13061,,2024-01-01,0.070000
GA,13061,,2025-01-01,0.080000
GA,13061,,2026-01-01,0.090000
GA,13063,,2022-01-01,0.080000
GA,13065,,2022-01-01,0.080000
GA,13065,,2025-07-01,0.070000
GA,13065,,2026-04-01,0.080000
GA,13067,,2022-01-01,0.060000
GA,13069,,2022-01-01,0.080000
GA,13071,,2022-01-01,0.080000
GA,13071,,2026-01-01,0.090000
GA,13073,,2022-01-01,0.080000
GA,13075,,2022-01-01,0.080000
GA,13075,,2026-01-01,0.090000
GA,13077,,2022-01-01,0.070000
GA,13077,,2026-01-01,0.080000
GA,13079,,2022-01-01,0.080000
GA,13079,,2025-04-01,0.070000
GA,13079,,2026-04-01,0.080000
GA,13081,,2022-01-01,0.080000
GA,13083,,2022-01-01,0.070000
GA,13085,,2022-01-01,0.070000
GA,13085,,2024-10-01,0.080000
GA,13087,,2022-01-01,0.080000
GA,13087,,2026-01-01,0.090000
GA,13089,,2022-01-01,0.080000
GA,13089,04000,2022-01-01,0.089000
GA,13089,04000,2022-04-01,0.085000
GA,13089,04000,2022-07-01,0.080000
GA,13091,,2022-01-01,0.080000
GA,13093,,2022-01-01,0.080000
GA,13095,,2022-01-01,0.080000
GA,13095,,2026-10-01,0.090000
GA,13097,,2022-01-01,0.070000
GA,13099,,2022-01-01,0.080000
GA,13101,26156,2022-01-01,0.080000
GA,13103,,2022-01-01,0.080000
GA,13105,,2022-01-01,0.080000
GA,13105,,2026-01-01,0.090000
GA,13107,,2022-01-01,0.080000
GA,13107,,2026-01-01,0.090000
GA,13109,,2022-01-01,0.080000
GA,13109,,2026-01-01,0.090000
GA,13111,,2022-01-01,0.070000
GA,13113,,2022-01-01,0.070000
GA,13115,,2022-01-01,0.070000
GA,13117,,2022-01-01,0.070000
GA,13119,,2022-01-01,0.070000
GA,13121,,2022-01-01,0.077500
GA,13121,04000,2022-01-01,0.089000
GA,13121,04000,2022-04-01,0.085000
GA,13121,04000,2022-10-01,0.089000
GA,13121,17776,2022-01-01,0.077500
GA,13121,17776,2022-10-01,0.087500
GA,13121,25720,2022-01-01,0.077500
GA,13121,25720,2022-10-01,0.087500
GA,13121,36472,2022-01-01,0.077500
GA,13121,36472,2022-10-01,0.087500
GA,13123,,2022-01-01,0.070000
GA,13125,,2022-01-01,0.080000
GA,13127,,2022-01-01,0.060000
GA,13127,,2023-04-01,0.070000
GA,13127,,2024-10-01,0.060000
GA,13127,,2025-04-01,0.070000
GA,13129,,2022-01-01,0.070000
GA,13129,,2026-01-01,0.080000
GA,13131,,2022-01-01,0.080000
GA,13133,,2022-01-01,0.070000
GA,13133,,2022-10-01,0.080000
GA,13135,,2022-01-01,0.060000
GA,13137,,2022-01-01,0.070000
GA,13139,,2022-01-01,0.070000
GA,13141,,2022-01-01,0.080000
GA,13141,,2024-01-01,0.070000
GA,13141,,2024-07-01,0.080000
GA,13143,,2022-01-01,0.080000
GA,13143,,2022-04-01,0.070000
GA,13143,,2022-07-01,0.080000
GA,13145,,2022-01-01,0.080000
GA,13147,,2022-01-01,0.070000
GA,13149,,2022-01-01,0.070000
GA,13149,,2026-10-01,0.080000
GA,13151,,2022-01-01,0.070000
GA,13151,,2022-04-01,0.080000
GA,13153,,2022-01-01,0.070000
GA,13153,,2026-10-01,0.080000
GA,13155,,2022-01-01,0.080000
GA,13155,,2024-07-01,0.070000
GA,13155,,2025-04-01,0.080000
GA,13157,,2022-01-01,0.070000
GA,13157,,2026-04-01,0.080000
GA,13159,,2022-01-01,0.070000
GA,13159,,2026-01-01,0.080000
GA,13161,,2022-01-01,0.080000
GA,13163,,2022-01-01,0.080000
GA,13163,,2026-01-01,0.090000
GA,13165,,2022-01-01,0.080000
GA,13165,,2026-10-01,0.090000
GA,13167,,2022-01-01,0.080000
GA,13169,,2022-01-01,0.070000
GA,13171,,2022-01-01,0.070000
GA,13171,,2022-04-01,0.080000
GA,13171,,2026-01-01,0.090000
GA,13173,,2022-01-01,0.080000
GA,13175,,2022-01-01,0.080000
GA,13177,,2022-01-01,0.080000
GA,13179,,2022-01-01,0.080000
GA,13179,,2025-10-01,0.070000
GA,13179,,2026-01-01,0.080000
GA,13179,,2026-04-01,0.090000
GA,13181,,2022-01-01,0.080000
GA,13181,,2026-01-01,0.090000
GA,13183,,2022-01-01,0.080000
GA,13183,,2023-04-01,0.070000
GA,13183,,2024-04-01,0.080000
GA,13183,,2026-01-01,0.090000
GA,13185,,2022-01-01,0.080000
GA,13187,,2022-01-01,0.080000
GA,13189,,2022-01-01,0.080000
GA,13189,,2026-01-01,0.090000
GA,13191,,2022-01-01,0.080000
GA,13191,,2025-04-01,0.070000
GA,13191,,2026-04-01,0.080000
GA,13193,,2022-01-01,0.080000
GA,13195,,2022-01-01,0.070000
GA,13195,,2022-04-01,0.080000
GA,13195,,2026-07-01,0.070000
GA,13197,,2022-01-01,0.080000
GA,13199,,2022-01-01,0.080000
GA,13201,,2022-01-01,0.080000
GA,13201,,2026-01-01,0.090000
GA,13205,,2022-01-01,0.080000
GA,13207,,2022-01-01,0.070000
GA,13207,,2022-04-01,0.080000
GA,13207,,2026-01-01,0.070000
GA,13207,,2026-04-01,0.080000
GA,13207,,2026-10-01,0.090000
GA,13209,,2022-01-01,0.080000
GA,13211,,2022-01-01,0.080000
GA,13213,,2022-01-01,0.080000
GA,13213,,2024-07-01,0.070000
GA,13213,,2025-04-01,0.080000
GA,13213,,2026-01-01,0.090000
GA,13215,19000,2022-01-01,0.080000
GA,13215,19000,2022-04-01,0.090000
GA,13217,,2022-01-01,0.070000
GA,13219,,2022-01-01,0.070000
GA,13219,,2023-04-01,0.080000
GA,13221,,2022-01-01,0.080000
GA,13221,,2026-01-01,0.090000
GA,13223,,2022-01-01,0.070000
GA,13225,,2022-01-01,0.070000
GA,13225,,2022-04-01,0.080000
GA,13225,,2026-01-01,0.090000
GA,13227,,2022-01-01,0.070000
GA,13229,,2022-01-01,0.080000
GA,13231,,2022-01-01,0.070000
GA,13231,,2022-07-01,0.060000
GA,13231,,2022-10-01,0.070000
GA,13233,,2022-01-01,0.070000
GA,13235,,2022-01-01,0.070000
GA,13235,,2025-04-01,0.080000
GA,13237,,2022-01-01,0.080000
GA,13237,,2025-10-01,0.070000
GA,13237,,2026-04-01,0.080000
GA,13239,32528,2022-01-01,0.080000
GA,13241,,2022-01-01,0.070000
GA,13241,,2022-04-01,0.080000
GA,13241,,2025-10-01,0.070000
GA,13241,,2026-04-01,0.080000
GA,13243,,2022-01-01,0.080000
GA,13245,04204,2022-01-01,0.080000
GA,13245,04204,2024-04-01,0.085000
GA,13245,04204,2026-10-01,0.090000
GA,13245,09040,2022-01-01,0.080000
GA,13245,09040,2024-04-01,0.085000
GA,13245,09040,2026-10-01,0.090000
GA,13245,38040,2022-01-01,0.080000
GA,13245,38040,2024-04-01,0.085000
GA,13245,38040,2026-10-01,0.090000
GA,13247,,2022-01-01,0.070000
GA,13247,,2023-10-01,0.060000
GA,13247,,2024-07-01,0.070000
GA,13249,,2022-01-01,0.080000
GA,13249,,2026-01-01,0.090000
GA,13251,,2022-01-01,0.070000
GA,13251,,2022-10-01,0.080000
GA,13253,,2022-01-01,0.080000
GA,13255,,2022-01-01,0.070000
GA,13257,,2022-01-01,0.070000
GA,13259,,2022-01-01,0.080000
GA,13259,,2025-04-01,0.070000
GA,13259,,2025-07-01,0.080000
GA,13261,,2022-01-01,0.080000
GA,13263,,2022-01-01,0.080000
GA,13265,,2022-01-01,0.080000
GA,13267,,2022-01-01,0.080000
GA,13267,,2026-10-01,0.090000
GA,13269,,2022-01-01,0.080000
GA,13269,,2023-07-01,0.070000
GA,13269,,2024-04-01,0.080000
GA,13271,,2022-01-01,0.080000
GA,13271,,2025-04-01,0.070000
GA,13271,,2025-07-01,0.080000
GA,13273,,2022-01-01,0.080000
GA,13275,,2022-01-01,0.070000
GA,13275,,2025-07-01,0.080000
GA,13277,,2022-01-01,0.080000
GA,13279,,2022-01-01,0.080000
GA,13281,,2022-01-01,0.070000
GA,13281,,2024-04-01,0.080000
GA,13281,,2026-10-01,0.070000
GA,13283,,2022-01-01,0.080000
GA,13285,,2022-01-01,0.070000
GA,13287,,2022-01-01,0.080000
GA,13287,,2026-01-01,0.090000
GA,13289,,2022-01-01,0.070000
GA,13289,,2023-04-01,0.080000
GA,13291,,2022-01-01,0.070000
GA,13293,,2022-01-01,0.080000
GA,13293,,2026-01-01,0.090000
GA,13295,,2022-01-01,0.080000
GA,13295,,2022-10-01,0.070000
GA,13295,,2024-04-01,0.080000
GA,13297,,2022-01-01,0.070000
GA,13299,,2022-01-01,0.080000
GA,13299,,2023-04-01,0.070000
GA,13299,,2023-07-01,0.080000
GA,13301,,2022-01-01,0.080000
GA,13301,,2026-01-01,0.090000
GA,13303,,2022-01-01,0.080000
GA,13303,,2025-07-01,0.090000
GA,13305,,2022-01-01,0.080000
GA,13307,81128,2022-01-01,0.080000
GA,13307,81128,2022-04-01,0.070000
GA,13307,81128,2022-10-01,0.080000
GA,13309,,2022-01-01,0.080000
GA,13309,,2023-04-01,0.070000
GA,13309,,2024-07-01,0.080000
GA,13311,,2022-01-01,0.070000
GA,13311,,2026-01-01,0.080000
GA,13313,,2022-01-01,0.070000
GA,13315,,2022-01-01,0.080000
GA,13315,,2026-10-01,0.090000
GA,13317,,2022-01-01,0.080000
GA,13317,,2026-01-01,0.090000
GA,13319,,2022-01-01,0.070000
GA,13321,,2022-01-01,0.080000
IA,19001,,2022-01-01,0.070000
IA,19001,,2024-07-01,0.069968
IA,19001,,2026-07-01,0.069951
IA,19001,11395,2022-01-01,0.060000
IA,19001,11395,2024-07-01,0.069968
IA,19001,11395,2026-07-01,0.069951
IA,19003,,2022-01-01,0.070000
IA,19005,,2022-01-01,0.070000
IA,19007,,2022-01-01,0.070000
IA,19009,,2022-01-01,0.070000
IA,19011,,2022-01-01,0.070000
IA,19011,,2024-07-01,0.069844
IA,19011,,2026-07-01,0.069835
IA,19011,81840,2022-01-01,0.060000
IA,19011,81840,2024-07-01,0.069844
IA,19011,81840,2026-07-01,0.069835
IA,19013,,2022-01-01,0.070000
IA,19015,,2022-01-01,0.070000
IA,19015,,2024-07-01,0.069994
IA,19015,,2026-07-01,0.069983
IA,19015,86970,2022-01-01,0.060000
IA,19015,86970,2024-07-01,0.069994
IA,19015,86970,2026-07-01,0.069983
IA,19017,,2022-01-01,0.070000
IA,19019,,2022-01-01,0.070000
IA,19021,,2022-01-01,0.070000
IA,19023,,2022-01-01,0.070000
IA,19025,,2022-01-01,0.070000
IA,19025,26940,2022-01-01,0.069868
IA,19025,26940,2024-07-01,0.070000
IA,19027,,2022-01-01,0.070000
IA,19029,,2022-01-01,0.070000
IA,19031,,2022-01-01,0.069975
IA,19031,,2024-07-01,0.069980
IA,19031,,2026-07-01,0.069983
IA,19031,05770,2022-01-01,0.070000
IA,19031,05770,2024-07-01,0.069980
IA,19031,05770,2026-07-01,0.069983
IA,19031,13530,2022-01-01,0.070000
IA,19031,13530,2024-07-01,0.069980
IA,19031,13530,2026-07-01,0.069983
IA,19031,22980,2022-01-01,0.070000
IA,19031,22980,2024-07-01,0.069980
IA,19031,22980,2026-07-01,0.069983
IA,19031,46920,2022-01-01,0.070000
IA,19031,46920,2024-07-01,0.069980
IA,19031,46920,2026-07-01,0.069983
IA,19031,50700,2022-01-01,0.070000
IA,19031,50700,2024-07-01,0.069980
IA,19031,50700,2026-07-01,0.069983
IA,19031,67890,2022-01-01,0.070000
IA,19031,67890,2024-07-01,0.069980
IA,19031,67890,2026-07-01,0.069983
IA,19031,75045,2022-01-01,0.070000
IA,19031,75045,2024-07-01,0.069980
IA,19031,75045,2026-07-01,0.069983
IA,19031,78285,2022-01-01,0.070000
IA,19031,78285,2024-07-01,0.069980
IA,19031,78285,2026-07-01,0.069983
IA,19031,83595,2022-01-01,0.070000
IA,19031,83595,2024-07-01,0.069980
IA,19031,83595,2026-07-01,0.069983
IA,19031,86070,2022-01-01,0.070000
IA,19031,86070,2024-07-01,0.069980
IA,19031,86070,2026-07-01,0.069983
IA,19033,,2022-01-01,0.070000
IA,19033,,2024-07-01,0.069997
IA,19035,,2022-01-01,0.070000
IA,19037,,2022-01-01,0.070000
IA,19037,,2024-07-01,0.069996
IA,19037,,2026-07-01,0.069988
IA,19037,65010,2022-01-01,0.060000
IA,19037,65010,2024-07-01,0.069996
IA,19037,65010,2026-07-01,0.069988
IA,19039,,2022-01-01,0.060015
IA,19039,,2024-07-01,0.065976
IA,19039,,2026-07-01,0.066043
IA,19039,55065,2022-01-01,0.060000
IA,19039,55065,2024-01-01,0.070000
IA,19039,55065,2024-07-01,0.065976
IA,19039,55065,2026-07-01,0.066043
IA,19039,59835,2022-01-01,0.060000
IA,19039,59835,2024-01-01,0.070000
IA,19039,59835,2024-07-01,0.065976
IA,19039,59835,2026-07-01,0.066043
IA,19039,86880,2022-01-01,0.060000
IA,19039,86880,2024-01-01,0.070000
IA,19039,86880,2024-07-01,0.065976
IA,19039,86880,2026-07-01,0.066043
IA,19041,,2022-01-01,0.070000
IA,19043,,2022-01-01,0.070000
IA,19045,,2022-01-01,0.070000
IA,19047,,2022-01-01,0.070000
IA,19049,,2022-01-01,0.069955
IA,19049,,2024-07-01,0.070000
IA,19049,00505,2022-01-01,0.070000
IA,19049,07660,2022-01-01,0.070000
IA,19049,14520,2022-01-01,0.070000
IA,19049,18255,2022-01-01,0.070000
IA,19049,19135,2022-01-01,0.070000
IA,19049,21045,2022-01-01,0.070000
IA,19049,21225,2022-01-01,0.070000
IA,19049,32160,2022-01-01,0.070000
IA,19049,33060,2022-01-01,0.070000
IA,19049,45390,2022-01-01,0.070000
IA,19049,52545,2022-01-01,0.070000
IA,19049,62355,2022-01-01,0.070000
IA,19049,66045,2022-01-01,0.070000
IA,19049,79950,2022-01-01,0.070000
IA,19049,80445,2022-01-01,0.070000
IA,19049,82695,2022-01-01,0.070000
IA,19049,83910,2022-01-01,0.070000
IA,19049,86970,2022-01-01,0.069942
IA,19049,86970,2024-07-01,0.070000
IA,19051,,2022-01-01,0.070000
IA,19053,,2022-01-01,0.069992
IA,19053,,2024-07-01,0.070000
IA,19053,19090,2022-01-01,0.070000
IA,19053,19360,2022-01-01,0.070000
IA,19053,29775,2022-01-01,0.070000
IA,19053,32070,2022-01-01,0.070000
IA,19053,42960,2022-01-01,0.070000
IA,19053,44535,2022-01-01,0.070000
IA,19053,44580,2022-01-01,0.070000
IA,19053,63570,2022-01-01,0.070000
IA,19053,80490,2022-01-01,0.070000
IA,19053,83190,2022-01-01,0.070000
IA,19055,,2022-01-01,0.070000
IA,19057,,2022-01-01,0.070000
IA,19059,,2022-01-01,0.070000
IA,19061,,2022-01-01,0.069998
IA,19061,,2024-07-01,0.069992
IA,19061,,2026-07-01,0.069995
IA,19061,03160,2022-01-01,0.070000
IA,19061,03160,2024-07-01,0.069992
IA,19061,03160,2026-07-01,0.069995
IA,19061,04375,2022-01-01,0.070000
IA,19061,04375,2024-07-01,0.069992
IA,19061,04375,2026-07-01,0.069995
IA,19061,04510,2022-01-01,0.070000
IA,19061,04510,2024-07-01,0.069992
IA,19061,04510,2026-07-01,0.069995
IA,19061,06085,2022-01-01,0.070000
IA,19061,06085,2024-07-01,0.069992
IA,19061,06085,2026-07-01,0.069995
IA,19061,11305,2022-01-01,0.070000
IA,19061,11305,2024-07-01,0.069992
IA,19061,11305,2026-07-01,0.069995
IA,19061,12630,2022-01-01,0.070000
IA,19061,12630,2024-07-01,0.069992
IA,19061,12630,2026-07-01,0.069995
IA,19061,22395,2022-01-01,0.070000
IA,19061,22395,2024-07-01,0.069992
IA,19061,22395,2026-07-01,0.069995
IA,19061,22935,2022-01-01,0.060000
IA,19061,22935,2024-07-01,0.069992
IA,19061,22935,2026-07-01,0.069995
IA,19061,23115,2022-01-01,0.070000
IA,19061,23115,2024-07-01,0.069992
IA,19061,23115,2026-07-01,0.069995
IA,19061,25725,2022-01-01,0.070000
IA,19061,25725,2024-07-01,0.069992
IA,19061,25725,2026-07-01,0.069995
IA,19061,26760,2022-01-01,0.070000
IA,19061,26760,2024-07-01,0.069992
IA,19061,26760,2026-07-01,0.069995
IA,19061,31845,2022-01-01,0.070000
IA,19061,31845,2024-07-01,0.069992
IA,19061,31845,2026-07-01,0.069995
IA,19061,36885,2022-01-01,0.070000
IA,19061,36885,2024-07-01,0.069992
IA,19061,36885,2026-07-01,0.069995
IA,19061,47460,2022-01-01,0.070000
IA,19061,47460,2024-07-01,0.069992
IA,19061,47460,2026-07-01,0.069995
IA,19061,56550,2022-01-01,0.070000
IA,19061,56550,2024-07-01,0.069992
IA,19061,56550,2026-07-01,0.069995
IA,19061,62130,2022-01-01,0.070000
IA,19061,62130,2024-07-01,0.069992
IA,19061,62130,2026-07-01,0.069995
IA,19061,66810,2022-01-01,0.070000
IA,19061,66810,2024-07-01,0.069992
IA,19061,66810,2026-07-01,0.069995
IA,19061,69690,2022-01-01,0.070000
IA,19061,69690,2024-07-01,0.069992
IA,19061,69690,2026-07-01,0.069995
IA,19061,72660,2022-01-01,0.070000
IA,19061,72660,2024-07-01,0.069992
IA,19061,72660,2026-07-01,0.069995
IA,19061,87060,2022-01-01,0.070000
IA,19061,87060,2024-07-01,0.069992
IA,19061,87060,2026-07-01,0.069995
IA,19061,87690,2022-01-01,0.070000
IA,19061,87690,2024-07-01,0.069992
IA,19061,87690,2026-07-01,0.069995
IA,19063,,2022-01-01,0.070000
IA,19065,,2022-01-01,0.070000
IA,19065,,2024-07-01,0.069998
IA,19065,,2025-07-01,0.070000
IA,19065,74955,2022-01-01,0.060000
IA,19065,74955,2024-07-01,0.069998
IA,19065,74955,2025-07-01,0.070000
IA,19067,,2022-01-01,0.070000
IA,19069,,2022-01-01,0.070000
IA,19069,,2024-07-01,0.069910
IA,19069,00190,2022-01-01,0.060667
IA,19069,00190,2024-07-01,0.069910
IA,19071,,2022-01-01,0.070000
IA,19073,,2022-01-01,0.070000
IA,19073,,2024-07-01,0.069992
IA,19073,65505,2022-01-01,0.060000
IA,19073,65505,2024-07-01,0.069992
IA,19075,,2022-01-01,0.070000
IA,19077,,2022-01-01,0.070000
IA,19077,,2024-07-01,0.069966
IA,19077,,2026-07-01,0.069958
IA,19077,00370,2022-01-01,0.060000
IA,19077,00370,2024-07-01,0.069966
IA,19077,00370,2026-07-01,0.069958
IA,19077,11395,2022-01-01,0.069880
IA,19077,11395,2024-07-01,0.069966
IA,19077,11395,2026-07-01,0.069958
IA,19079,,2022-01-01,0.070000
IA,19081,,2022-01-01,0.070000
IA,19083,,2022-01-01,0.070000
IA,19083,00190,2022-01-01,0.069977
IA,19083,00190,2024-07-01,0.070000
IA,19085,,2022-01-01,0.070000
IA,19087,,2022-01-01,0.070000
IA,19089,,2022-01-01,0.070000
IA,19089,65010,2022-01-01,0.069796
IA,19089,65010,2024-07-01,0.070000
IA,19091,,2022-01-01,0.070000
IA,19093,,2022-01-01,0.070000
IA,19095,,2022-01-01,0.069973
IA,19095,,2024-07-01,0.070000
IA,19095,01720,2022-01-01,0.070000
IA,19095,15870,2022-01-01,0.070000
IA,19095,23520,2022-01-01,0.070000
IA,19095,36030,2022-01-01,0.070000
IA,19095,36975,2022-01-01,0.070000
IA,19095,42330,2022-01-01,0.070000
IA,19095,49395,2022-01-01,0.070000
IA,19095,51600,2022-01-01,0.070000
IA,19095,52230,2022-01-01,0.070000
IA,19095,57225,2022-01-01,0.070000
IA,19095,61770,2022-01-01,0.070000
IA,19095,73965,2022-01-01,0.070000
IA,19095,80805,2022-01-01,0.070000
IA,19095,83505,2022-01-01,0.070000
IA,19095,85845,2022-01-01,0.070000
IA,19097,,2022-01-01,0.070000
IA,19099,,2022-01-01,0.070000
IA,19099,,2024-07-01,0.069990
IA,19099,,2026-07-01,0.069994
IA,19099,52950,2022-01-01,0.060000
IA,19099,52950,2024-07-01,0.069990
IA,19099,52950,2026-07-01,0.069994
IA,19101,,2022-01-01,0.070000
IA,19101,,2024-07-01,0.069997
IA,19101,,2026-07-01,0.070000
IA,19103,,2022-01-01,0.060010
IA,19103,,2024-07-01,0.060757
IA,19103,,2025-07-01,0.060819
IA,19103,,2026-07-01,0.066707
IA,19103,,2026-10-01,0.068207
IA,19103,16230,2022-01-01,0.060000
IA,19103,16230,2024-07-01,0.060757
IA,19103,16230,2025-07-01,0.060819
IA,19103,16230,2026-07-01,0.066707
IA,19103,16230,2026-10-01,0.068207
IA,19103,29325,2022-01-01,0.060000
IA,19103,29325,2024-07-01,0.060757
IA,19103,29325,2025-07-01,0.060819
IA,19103,29325,2026-07-01,0.066707
IA,19103,29325,2026-10-01,0.068207
IA,19103,36345,2022-01-01,0.069908
IA,19103,36345,2024-07-01,0.060757
IA,19103,36345,2025-07-01,0.060819
IA,19103,36345,2026-07-01,0.066707
IA,19103,36345,2026-10-01,0.068207
IA,19103,38595,2022-01-01,0.060000
IA,19103,38595,2024-07-01,0.060757
IA,19103,38595,2025-07-01,0.060819
IA,19103,38595,2026-07-01,0.066707
IA,19103,38595,2026-10-01,0.068207
IA,19103,46335,2022-01-01,0.070000
IA,19103,46335,2024-07-01,0.060757
IA,19103,46335,2025-07-01,0.060819
IA,19103,46335,2026-07-01,0.066707
IA,19103,46335,2026-10-01,0.068207
IA,19103,57360,2022-01-01,0.060000
IA,19103,57360,2024-07-01,0.060757
IA,19103,57360,2025-07-01,0.060819
IA,19103,57360,2026-07-01,0.066707
IA,19103,57360,2026-10-01,0.068207
IA,19103,60645,2022-01-01,0.060000
IA,19103,60645,2024-07-01,0.060757
IA,19103,60645,2025-07-01,0.060819
IA,19103,60645,2026-07-01,0.066707
IA,19103,60645,2026-10-01,0.068207
IA,19103,72840,2022-01-01,0.060000
IA,19103,72840,2024-07-01,0.060757
IA,19103,72840,2025-07-01,0.060819
IA,19103,72840,2026-07-01,0.066707
IA,19103,72840,2026-10-01,0.068207
IA,19103,73875,2022-01-01,0.070000
IA,19103,73875,2024-07-01,0.060757
IA,19103,73875,2025-07-01,0.060819
IA,19103,73875,2026-07-01,0.066707
IA,19103,73875,2026-10-01,0.068207
IA,19103,76890,2022-01-01,0.070000
IA,19103,76890,2024-07-01,0.060757
IA,19103,76890,2025-07-01,0.060819
IA,19103,76890,2026-07-01,0.066707
IA,19103,76890,2026-10-01,0.068207
IA,19103,78060,2022-01-01,0.060000
IA,19103,78060,2024-07-01,0.060757
IA,19103,78060,2025-07-01,0.060819
IA,19103,78060,2026-07-01,0.066707
IA,19103,78060,2026-10-01,0.068207
IA,19103,79770,2022-01-01,0.060000
IA,19103,79770,2024-07-01,0.060757
IA,19103,79770,2025-07-01,0.060819
IA,19103,79770,2026-07-01,0.066707
IA,19103,79770,2026-10-01,0.068207
IA,19103,83595,2022-01-01,0.070000
IA,19103,83595,2024-07-01,0.060757
IA,19103,83595,2025-07-01,0.060819
IA,19103,83595,2026-07-01,0.066707
IA,19103,83595,2026-10-01,0.068207
IA,19105,,2022-01-01,0.070000
IA,19107,,2022-01-01,0.070000
IA,19107,,2024-07-01,0.069997
IA,19107,57225,2022-01-01,0.060000
IA,19107,57225,2024-07-01,0.069997
IA,19109,,2022-01-01,0.070000
IA,19111,,2022-01-01,0.070000
IA,19113,,2022-01-01,0.069979
IA,19113,,2024-07-01,0.070000
IA,19113,01000,2022-01-01,0.070000
IA,19113,06175,2022-01-01,0.070000
IA,19113,12000,2022-01-01,0.070000
IA,19113,12270,2022-01-01,0.070000
IA,19113,12495,2022-01-01,0.070000
IA,19113,14925,2022-01-01,0.070000
IA,19113,25365,2022-01-01,0.070000
IA,19113,26400,2022-01-01,0.070000
IA,19113,35940,2022-01-01,0.070000
IA,19113,45615,2022-01-01,0.070000
IA,19113,49485,2022-01-01,0.070000
IA,19113,54840,2022-01-01,0.070000
IA,19113,61230,2022-01-01,0.070000
IA,19113,64425,2022-01-01,0.070000
IA,19113,67800,2022-01-01,0.070000
IA,19113,74775,2022-01-01,0.070000
IA,19113,81840,2022-01-01,0.070000
IA,19113,81885,2022-01-01,0.070000
IA,19115,,2022-01-01,0.070000
IA,19117,,2022-01-01,0.069910
IA,19117,,2024-07-01,0.070000
IA,19117,12720,2022-01-01,0.070000
IA,19117,20125,2022-01-01,0.070000
IA,19117,47100,2022-01-01,0.070000
IA,19117,69285,2022-01-01,0.070000
IA,19117,85935,2022-01-01,0.070000
IA,19119,,2022-01-01,0.070000
IA,19121,,2022-01-01,0.070000
IA,19121,,2024-07-01,0.069983
IA,19121,,2025-07-01,0.069255
IA,19121,,2026-01-01,0.069983
IA,19121,,2026-07-01,0.069986
IA,19123,,2022-01-01,0.070000
IA,19123,,2024-07-01,0.069995
IA,19125,,2022-01-01,0.070000
IA,19125,,2024-07-01,0.069998
IA,19125,,2026-07-01,0.070000
IA,19127,,2022-01-01,0.070000
IA,19129,,2022-01-01,0.070000
IA,19129,,2026-07-01,0.069994
IA,19131,,2022-01-01,0.070000
IA,19133,,2022-01-01,0.070000
IA,19135,,2022-01-01,0.070000
IA,19135,,2024-07-01,0.069984
IA,19135,,2026-07-01,0.070000
IA,19137,,2022-01-01,0.070000
IA,19139,,2022-01-01,0.069991
IA,19139,,2024-07-01,0.070000
IA,19139,03385,2022-01-01,0.070000
IA,19139,07075,2022-01-01,0.070000
IA,19139,15645,2022-01-01,0.070000
IA,19139,22980,2022-01-01,0.070000
IA,19139,29280,2022-01-01,0.070000
IA,19139,55110,2022-01-01,0.070000
IA,19139,56685,2022-01-01,0.070000
IA,19139,75450,2022-01-01,0.070000
IA,19139,84315,2022-01-01,0.070000
IA,19139,86070,2022-01-01,0.070000
IA,19141,,2022-01-01,0.070000
IA,19143,,2022-01-01,0.060016
IA,19143,,2024-07-01,0.065012
IA,19143,,2025-07-01,0.065004
IA,19143,,2026-07-01,0.065178
IA,19143,03295,2022-01-01,0.070000
IA,19143,03295,2024-07-01,0.065012
IA,19143,03295,2025-07-01,0.065004
IA,19143,03295,2026-07-01,0.065178
IA,19143,34635,2022-01-01,0.070000
IA,19143,34635,2024-07-01,0.065012
IA,19143,34635,2025-07-01,0.065004
IA,19143,34635,2026-07-01,0.065178
IA,19143,51060,2022-01-01,0.070000
IA,19143,51060,2024-07-01,0.065012
IA,19143,51060,2025-07-01,0.065004
IA,19143,51060,2026-07-01,0.065178
IA,19143,58530,2022-01-01,0.070000
IA,19143,58530,2024-07-01,0.065012
IA,19143,58530,2025-07-01,0.065004
IA,19143,58530,2026-07-01,0.065178
IA,19143,72975,2022-01-01,0.070000
IA,19143,72975,2024-07-01,0.065012
IA,19143,72975,2025-07-01,0.065004
IA,19143,72975,2026-07-01,0.065178
IA,19145,,2022-01-01,0.070000
IA,19147,,2022-01-01,0.070000
IA,19149,,2022-01-01,0.070000
IA,19149,,2024-07-01,0.069995
IA,19149,,2026-07-01,0.069991
IA,19149,73335,2022-01-01,0.060000
IA,19149,73335,2024-07-01,0.069995
IA,19149,73335,2026-07-01,0.069991
IA,19151,,2022-01-01,0.070000
IA,19153,,2022-01-01,0.060016
IA,19153,,2024-07-01,0.068303
IA,19153,,2025-07-01,0.068287
IA,19153,,2026-07-01,0.068282
IA,19153,01180,2022-01-01,0.070000
IA,19153,01180,2024-07-01,0.068303
IA,19153,01180,2025-07-01,0.068287
IA,19153,01180,2026-07-01,0.068282
IA,19153,01630,2022-01-01,0.070000
IA,19153,01630,2024-07-01,0.068303
IA,19153,01630,2025-07-01,0.068287
IA,19153,01630,2026-07-01,0.068282
IA,19153,02305,2022-01-01,0.060000
IA,19153,02305,2024-07-01,0.068303
IA,19153,02305,2025-07-01,0.068287
IA,19153,02305,2026-07-01,0.068282
IA,19153,07390,2022-01-01,0.070000
IA,19153,07390,2024-07-01,0.068303
IA,19153,07390,2025-07-01,0.068287
IA,19153,07390,2026-07-01,0.068282
IA,19153,10765,2022-01-01,0.070000
IA,19153,10765,2024-07-01,0.068303
IA,19153,10765,2025-07-01,0.068287
IA,19153,10765,2026-07-01,0.068282
IA,19153,14520,2022-01-01,0.070000
IA,19153,14520,2024-07-01,0.068303
IA,19153,14520,2025-07-01,0.068287
IA,19153,14520,2026-07-01,0.068282
IA,19153,21000,2022-01-01,0.070000
IA,19153,21000,2024-07-01,0.068303
IA,19153,21000,2025-07-01,0.068287
IA,19153,21000,2026-07-01,0.068282
IA,19153,24735,2022-01-01,0.070000
IA,19153,24735,2024-07-01,0.068303
IA,19153,24735,2025-07-01,0.068287
IA,19153,24735,2026-07-01,0.068282
IA,19153,32160,2022-01-01,0.068667
IA,19153,32160,2024-07-01,0.068303
IA,19153,32160,2025-07-01,0.068287
IA,19153,32160,2026-07-01,0.068282
IA,19153,33060,2022-01-01,0.070000
IA,19153,33060,2024-07-01,0.068303
IA,19153,33060,2025-07-01,0.068287
IA,19153,33060,2026-07-01,0.068282
IA,19153,39765,2022-01-01,0.070000
IA,19153,39765,2024-07-01,0.068303
IA,19153,39765,2025-07-01,0.068287
IA,19153,39765,2026-07-01,0.068282
IA,19153,52950,2022-01-01,0.070000
IA,19153,52950,2024-07-01,0.068303
IA,19153,52950,2025-07-01,0.068287
IA,19153,52950,2026-07-01,0.068282
IA,19153,63525,2022-01-01,0.070000
IA,19153,63525,2024-07-01,0.068303
IA,19153,63525,2025-07-01,0.068287
IA,19153,63525,2026-07-01,0.068282
IA,19153,64020,2022-01-01,0.070000
IA,19153,64020,2024-07-01,0.068303
IA,19153,64020,2025-07-01,0.068287
IA,19153,64020,2026-07-01,0.068282
IA,19153,69240,2022-01-01,0.070000
IA,19153,69240,2024-07-01,0.068303
IA,19153,69240,2025-07-01,0.068287
IA,19153,69240,2026-07-01,0.068282
IA,19153,70995,2022-01-01,0.060000
IA,19153,70995,2024-07-01,0.068303
IA,19153,70995,2025-07-01,0.068287
IA,19153,70995,2026-07-01,0.068282
IA,19153,72345,2022-01-01,0.070000
IA,19153,72345,2024-07-01,0.068303
IA,19153,72345,2025-07-01,0.068287
IA,19153,72345,2026-07-01,0.068282
IA,19153,79950,2022-01-01,0.070000
IA,19153,79950,2024-07-01,0.068303
IA,19153,79950,2025-07-01,0.068287
IA,19153,79950,2026-07-01,0.068282
IA,19153,83910,2022-01-01,0.070000
IA,19153,83910,2024-07-01,0.068303
IA,19153,83910,2025-07-01,0.068287
IA,19153,83910,2026-07-01,0.068282
IA,19153,86250,2022-01-01,0.070000
IA,19153,86250,2024-07-01,0.068303
IA,19153,86250,2025-07-01,0.068287
IA,19153,86250,2026-07-01,0.068282
IA,19155,,2022-01-01,0.070000
IA,19155,,2024-07-01,0.069994
IA,19155,,2026-07-01,0.069996
IA,19155,72300,2022-01-01,0.060909
IA,19155,72300,2024-07-01,0.069994
IA,19155,72300,2026-07-01,0.069996
IA,19157,,2022-01-01,0.070000
IA,19159,,2022-01-01,0.070000
IA,19159,,2024-07-01,0.069967
IA,19159,,2026-07-01,0.069954
IA,19159,19810,2022-01-01,0.060000
IA,19159,19810,2024-07-01,0.069967
IA,19159,19810,2026-07-01,0.069954
IA,19161,,2022-01-01,0.070000
IA,19163,,2022-01-01,0.070000
IA,19165,,2022-01-01,0.070000
IA,19165,,2024-07-01,0.069996
IA,19165,,2026-07-01,0.070000
IA,19167,,2022-01-01,0.070000
IA,19169,,2022-01-01,0.069996
IA,19169,,2024-07-01,0.070000
IA,19169,01855,2022-01-01,0.070000
IA,19169,10225,2022-01-01,0.070000
IA,19169,15195,2022-01-01,0.070000
IA,19169,15240,2022-01-01,0.070000
IA,19169,30630,2022-01-01,0.070000
IA,19169,37920,2022-01-01,0.070000
IA,19169,40395,2022-01-01,0.070000
IA,19169,47775,2022-01-01,0.070000
IA,19169,50520,2022-01-01,0.070000
IA,19169,55695,2022-01-01,0.070000
IA,19169,68475,2022-01-01,0.070000
IA,19169,72345,2022-01-01,0.070000
IA,19169,73515,2022-01-01,0.070000
IA,19169,75675,2022-01-01,0.070000
IA,19169,87555,2022-01-01,0.070000
IA,19171,,2022-01-01,0.070000
IA,19173,,2022-01-01,0.070000
IA,19175,,2022-01-01,0.069960
IA,19175,,2024-07-01,0.070000
IA,19175,00595,2022-01-01,0.070000
IA,19175,02800,2022-01-01,0.070000
IA,19175,17265,2022-01-01,0.070000
IA,19175,17490,2022-01-01,0.070000
IA,19175,40710,2022-01-01,0.070000
IA,19175,46515,2022-01-01,0.070000
IA,19175,71940,2022-01-01,0.069286
IA,19175,71940,2024-07-01,0.070000
IA,19175,77565,2022-01-01,0.070000
IA,19177,,2022-01-01,0.070000
IA,19179,,2022-01-01,0.070000
IA,19179,,2026-07-01,0.069990
IA,19179,06850,2022-01-01,0.069710
IA,19179,06850,2024-07-01,0.070000
IA,19179,06850,2026-07-01,0.069990
IA,19181,,2022-01-01,0.069998
IA,19181,,2024-07-01,0.069955
IA,19181,,2026-07-01,0.069952
IA,19181,00235,2022-01-01,0.060000
IA,19181,00235,2024-07-01,0.069955
IA,19181,00235,2026-07-01,0.069952
IA,19181,06490,2022-01-01,0.070000
IA,19181,06490,2024-07-01,0.069955
IA,19181,06490,2026-07-01,0.069952
IA,19181,10765,2022-01-01,0.070000
IA,19181,10765,2024-07-01,0.069955
IA,19181,10765,2026-07-01,0.069952
IA,19181,17850,2022-01-01,0.070000
IA,19181,17850,2024-07-01,0.069955
IA,19181,17850,2026-07-01,0.069952
IA,19181,21000,2022-01-01,0.070000
IA,19181,21000,2024-07-01,0.069955
IA,19181,21000,2026-07-01,0.069952
IA,19181,34680,2022-01-01,0.070000
IA,19181,34680,2024-07-01,0.069955
IA,19181,34680,2026-07-01,0.069952
IA,19181,38280,2022-01-01,0.070000
IA,19181,38280,2024-07-01,0.069955
IA,19181,38280,2026-07-01,0.069952
IA,19181,42285,2022-01-01,0.070000
IA,19181,42285,2024-07-01,0.069955
IA,19181,42285,2026-07-01,0.069952
IA,19181,49890,2022-01-01,0.070000
IA,19181,49890,2024-07-01,0.069955
IA,19181,49890,2026-07-01,0.069952
IA,19181,52455,2022-01-01,0.070000
IA,19181,52455,2024-07-01,0.069955
IA,19181,52455,2026-07-01,0.069952
IA,19181,56595,2022-01-01,0.070000
IA,19181,56595,2024-07-01,0.069955
IA,19181,56595,2026-07-01,0.069952
IA,19181,57675,2022-01-01,0.070000
IA,19181,57675,2024-07-01,0.069955
IA,19181,57675,2026-07-01,0.069952
IA,19181,70095,2022-01-01,0.070000
IA,19181,70095,2024-07-01,0.069955
IA,19181,70095,2026-07-01,0.069952
IA,19181,70590,2022-01-01,0.060000
IA,19181,70590,2024-07-01,0.069955
IA,19181,70590,2026-07-01,0.069952
IA,19181,74685,2022-01-01,0.060000
IA,19181,74685,2024-07-01,0.069955
IA,19181,74685,2026-07-01,0.069952
IA,19181,83910,2022-01-01,0.070000
IA,19181,83910,2024-07-01,0.069955
IA,19181,83910,2026-07-01,0.069952
IA,19183,,2022-01-01,0.069967
IA,19183,,2024-07-01,0.069997
IA,19183,,2026-07-01,0.069989
IA,19183,00730,2022-01-01,0.070000
IA,19183,00730,2024-07-01,0.069997
IA,19183,00730,2026-07-01,0.069989
IA,19183,08470,2022-01-01,0.070000
IA,19183,08470,2024-07-01,0.069997
IA,19183,08470,2026-07-01,0.069989
IA,19183,16140,2022-01-01,0.070000
IA,19183,16140,2024-07-01,0.069997
IA,19183,16140,2026-07-01,0.069989
IA,19183,17130,2022-01-01,0.070000
IA,19183,17130,2024-07-01,0.069997
IA,19183,17130,2026-07-01,0.069989
IA,19183,40170,2022-01-01,0.070000
IA,19183,40170,2024-07-01,0.069997
IA,19183,40170,2026-07-01,0.069989
IA,19183,67440,2022-01-01,0.070000
IA,19183,67440,2024-07-01,0.069997
IA,19183,67440,2026-07-01,0.069989
IA,19183,82335,2022-01-01,0.070000
IA,19183,82335,2024-07-01,0.069997
IA,19183,82335,2026-07-01,0.069989
IA,19183,83280,2022-01-01,0.070000
IA,19183,83280,2024-07-01,0.069997
IA,19183,83280,2026-07-01,0.069989
IA,19183,83775,2022-01-01,0.070000
IA,19183,83775,2024-07-01,0.069997
IA,19183,83775,2026-07-01,0.069989
IA,19185,,2022-01-01,0.069974
IA,19185,,2024-07-01,0.070000
IA,19185,01270,2022-01-01,0.070000
IA,19185,14475,2022-01-01,0.070000
IA,19185,16635,2022-01-01,0.070000
IA,19185,37605,2022-01-01,0.070000
IA,19185,45435,2022-01-01,0.070000
IA,19185,52275,2022-01-01,0.070000
IA,19185,64875,2022-01-01,0.070000
IA,19185,71760,2022-01-01,0.070000
IA,19187,,2022-01-01,0.070000
IA,19187,,2024-07-01,0.069997
IA,19187,,2026-07-01,0.069995
IA,19187,26940,2022-01-01,0.060000
IA,19187,26940,2024-07-01,0.069997
IA,19187,26940,2026-07-01,0.069995
IA,19189,,2022-01-01,0.070000
IA,19191,,2022-01-01,0.070000
IA,19193,,2022-01-01,0.070000
IA,19195,,2022-01-01,0.070000
IA,19197,,2022-01-01,0.070000
KS,20001,,2022-01-01,0.077500
KS,20001,25975,2022-01-01,0.087500
KS,20001,33450,2022-01-01,0.095000
KS,20001,34300,2022-01-01,0.087500
KS,20001,37725,2022-01-01,0.087500
KS,20001,37725,2025-04-01,0.077500
KS,20001,37725,2026-04-01,0.092500
KS,20001,48125,2022-01-01,0.082500
KS,20003,,2022-01-01,0.080000
KS,20003,,2023-01-01,0.075000
KS,20003,14950,2022-01-01,0.085000
KS,20003,14950,2023-01-01,0.080000
KS,20003,25925,2022-01-01,0.085000
KS,20003,25925,2023-01-01,0.080000
KS,20003,25925,2023-07-01,0.080028
KS,20003,25925,2026-04-01,0.090028
KS,20003,36875,2022-01-01,0.090000
KS,20003,36875,2023-01-01,0.085000
KS,20005,,2022-01-01,0.077500
KS,20005,,2023-04-01,0.075000
KS,20005,02900,2022-01-01,0.087519
KS,20005,02900,2023-04-01,0.085019
KS,20005,02900,2023-10-01,0.085032
KS,20005,02900,2024-07-01,0.085031
KS,20005,20025,2022-01-01,0.087500
KS,20005,20025,2023-04-01,0.085000
KS,20005,20025,2025-04-01,0.095000
KS,20007,,2022-01-01,0.075000
KS,20007,37125,2022-01-01,0.082500
KS,20007,45500,2022-01-01,0.083830
KS,20007,45500,2022-07-01,0.083848
KS,20007,45500,2024-07-01,0.083841
KS,20009,,2022-01-01,0.075000
KS,20009,13425,2022-01-01,0.080000
KS,20009,13425,2026-04-01,0.082500
KS,20009,20425,2022-01-01,0.080000
KS,20009,20425,2022-04-01,0.085000
KS,20009,28300,2022-01-01,0.082517
KS,20009,28300,2022-04-01,0.087017
KS,20009,28300,2026-04-01,0.087024
KS,20009,32550,2022-01-01,0.082566
KS,20009,32550,2024-07-01,0.082565
KS,20011,,2022-01-01,0.079000
KS,20011,,2024-10-01,0.081500
KS,20011,08475,2022-01-01,0.089000
KS,20011,08475,2024-10-01,0.091500
KS,20011,24000,2022-01-01,0.094038
KS,20011,24000,2024-07-01,0.094037
KS,20011,24000,2024-10-01,0.096537
KS,20011,44550,2022-01-01,0.089000
KS,20011,44550,2024-10-01,0.091500
KS,20011,72525,2022-01-01,0.089000
KS,20011,72525,2024-10-01,0.091500
KS,20013,,2022-01-01,0.075000
KS,20013,22425,2022-01-01,0.075000
KS,20013,22425,2023-04-01,0.080000
KS,20013,22425,2023-07-01,0.080462
KS,20013,31675,2022-01-01,0.090026
KS,20013,31675,2024-07-01,0.090025
KS,20013,31675,2025-07-01,0.090026
KS,20013,33200,2022-01-01,0.095000
KS,20013,62025,2022-01-01,0.085000
KS,20015,,2022-01-01,0.065000
KS,20015,01800,2022-01-01,0.075000
KS,20015,01800,2022-04-01,0.085000
KS,20015,01800,2025-01-01,0.085019
KS,20015,01800,2025-04-01,0.085300
KS,20015,01800,2026-10-01,0.085305
KS,20015,03300,2022-01-01,0.085029
KS,20015,03300,2023-10-01,0.085044
KS,20015,06175,2022-01-01,0.075000
KS,20015,06175,2024-07-01,0.085000
KS,20015,18400,2022-01-01,0.085000
KS,20015,20075,2022-01-01,0.075052
KS,20015,20075,2024-01-01,0.075064
KS,20015,20075,2024-07-01,0.075063
KS,20015,20075,2025-04-01,0.075055
KS,20015,38775,2022-01-01,0.065000
KS,20015,38775,2022-07-01,0.070000
KS,20015,39450,2022-01-01,0.075000
KS,20015,57300,2022-01-01,0.075000
KS,20015,61250,2022-01-01,0.075000
KS,20015,71125,2022-01-01,0.075000
KS,20015,71125,2026-04-01,0.085000
KS,20015,78050,2022-01-01,0.070000
KS,20015,78050,2023-04-01,0.075000
KS,20017,,2022-01-01,0.075000
KS,20017,15900,2022-01-01,0.085000
KS,20017,68650,2022-01-01,0.085000
KS,20017,68650,2025-01-01,0.095000
KS,20019,,2022-01-01,0.085000
KS,20019,,2022-04-01,0.075000
KS,20019,11450,2022-01-01,0.095000
KS,20019,11450,2022-04-01,0.085000
KS,20019,63750,2022-01-01,0.100000
KS,20019,63750,2022-04-01,0.090000
KS,20021,,2022-01-01,0.080000
KS,20021,04625,2022-01-01,0.100000
KS,20021,15075,2022-01-01,0.090000
KS,20021,15075,2022-07-01,0.085000
KS,20021,15075,2022-10-01,0.090000
KS,20021,25100,2022-01-01,0.090000
KS,20021,53450,2022-01-01,0.095000
KS,20021,53450,2026-10-01,0.080000
KS,20021,63325,2022-01-01,0.090000
KS,20021,76350,2022-01-01,0.090000
KS,20023,,2022-01-01,0.085000
KS,20023,62175,2022-01-01,0.095000
KS,20025,,2022-01-01,0.065000
KS,20025,02675,2022-01-01,0.075000
KS,20025,02675,2026-10-01,0.065000
KS,20025,47150,2022-01-01,0.075000
KS,20027,,2022-01-01,0.075000
KS,20027,13625,2022-01-01,0.095000
KS,20027,14200,2022-01-01,0.085000
KS,20027,42575,2022-01-01,0.085000
KS,20027,51700,2022-01-01,0.085000
KS,20027,74525,2022-01-01,0.085000
KS,20029,,2022-01-01,0.075000
KS,20029,15200,2022-01-01,0.085000
KS,20029,26375,2022-01-01,0.085000
KS,20029,46950,2022-01-01,0.085000
KS,20031,,2022-01-01,0.065000
KS,20031,,2023-04-01,0.065030
KS,20031,,2024-07-01,0.065033
KS,20031,09400,2022-01-01,0.085000
KS,20031,28850,2022-01-01,0.065000
KS,20031,28850,2022-04-01,0.085000
KS,20031,39125,2022-01-01,0.085000
KS,20031,39650,2022-01-01,0.075000
KS,20031,50450,2022-01-01,0.065000
KS,20031,76050,2022-01-01,0.075000
KS,20033,,2022-01-01,0.065000
KS,20033,14700,2022-01-01,0.085000
KS,20033,57850,2022-01-01,0.080000
KS,20033,79550,2022-01-01,0.075000
KS,20035,,2022-01-01,0.065000
KS,20035,02300,2022-01-01,0.085010
KS,20035,09250,2022-01-01,0.075000
KS,20035,71950,2022-01-01,0.075000
KS,20035,79950,2022-01-01,0.085000
KS,20037,,2022-01-01,0.075000
KS,20037,02375,2022-01-01,0.085000
KS,20037,12825,2022-01-01,0.085000
KS,20037,12825,2022-04-01,0.090000
KS,20037,24850,2022-01-01,0.087526
KS,20037,24850,2026-07-01,0.095026
KS,20037,26300,2022-01-01,0.085000
KS,20037,26300,2024-04-01,0.090000
KS,20037,43725,2022-01-01,0.085000
KS,20037,43725,2024-07-01,0.075000
KS,20037,43725,2025-04-01,0.085000
KS,20037,56025,2022-01-01,0.090009
KS,20037,56025,2023-04-01,0.090024
KS,20037,56025,2024-07-01,0.090023
KS,20039,,2022-01-01,0.075000
KS,20039,52000,2022-01-01,0.090000
KS,20041,,2022-01-01,0.080000
KS,20041,,2024-04-01,0.082500
KS,20041,00125,2022-01-01,0.087570
KS,20041,00125,2022-04-01,0.087584
KS,20041,00125,2023-04-01,0.085098
KS,20041,00125,2024-04-01,0.090098
KS,20041,00125,2024-07-01,0.090097
KS,20041,00125,2025-07-01,0.093597
KS,20041,00125,2026-07-01,0.093604
KS,20041,12550,2022-01-01,0.090000
KS,20041,12550,2024-04-01,0.092500
KS,20041,31400,2022-01-01,0.090000
KS,20041,31400,2024-04-01,0.092500
KS,20041,31400,2026-07-01,0.102500
KS,20041,66275,2022-01-01,0.080000
KS,20041,66275,2024-04-01,0.082500
KS,20041,66275,2026-04-01,0.092500
KS,20043,,2022-01-01,0.075000
KS,20043,,2023-01-01,0.085000
KS,20043,20950,2022-01-01,0.085000
KS,20043,20950,2023-01-01,0.095000
KS,20043,31850,2022-01-01,0.085000
KS,20043,31850,2023-01-01,0.095000
KS,20043,71575,2022-01-01,0.085000
KS,20043,71575,2023-01-01,0.095000
KS,20043,76000,2022-01-01,0.085000
KS,20043,76000,2023-01-01,0.095000
KS,20043,77850,2022-01-01,0.085000
KS,20043,77850,2023-01-01,0.095000
KS,20045,,2022-01-01,0.077500
KS,20045,03900,2022-01-01,0.090000
KS,20045,03900,2023-04-01,0.092500
KS,20045,21675,2022-01-01,0.095000
KS,20045,38900,2022-01-01,0.093040
KS,20045,38900,2024-07-01,0.093039
KS,20045,38900,2025-01-01,0.093064
KS,20045,38900,2025-04-01,0.093564
KS,20045,38900,2025-10-01,0.093565
KS,20045,38900,2026-01-01,0.094055
KS,20045,38900,2026-04-01,0.094097
KS,20045,38900,2026-10-01,0.094101
KS,20045,39150,2022-01-01,0.095000
KS,20047,,2022-01-01,0.075000
KS,20047,,2025-04-01,0.078750
KS,20047,37075,2022-01-01,0.085000
KS,20047,37075,2025-04-01,0.088750
KS,20049,,2022-01-01,0.075000
KS,20049,33250,2022-01-01,0.085000
KS,20051,,2022-01-01,0.070023
KS,20051,,2026-10-01,0.070024
KS,20051,20450,2022-01-01,0.090000
KS,20051,31100,2022-01-01,0.087587
KS,20051,31100,2022-10-01,0.092587
KS,20051,31100,2025-04-01,0.092592
KS,20051,31100,2025-10-01,0.092596
KS,20051,63425,2022-01-01,0.070023
KS,20051,63425,2024-07-01,0.070000
KS,20051,73775,2022-01-01,0.080000
KS,20053,,2022-01-01,0.075000
KS,20053,20500,2022-01-01,0.087791
KS,20053,20500,2024-07-01,0.087788
KS,20053,20500,2026-01-01,0.087500
KS,20053,35950,2022-01-01,0.085000
KS,20053,79675,2022-01-01,0.085000
KS,20055,,2022-01-01,0.078000
KS,20055,,2026-04-01,0.083000
KS,20055,25325,2022-01-01,0.088031
KS,20055,25325,2022-04-01,0.089531
KS,20055,25325,2022-07-01,0.089554
KS,20055,25325,2023-07-01,0.089552
KS,20055,25325,2024-01-01,0.089557
KS,20055,25325,2024-04-01,0.089561
KS,20055,25325,2025-07-01,0.089570
KS,20055,25325,2026-04-01,0.094570
KS,20055,32575,2022-01-01,0.083000
KS,20055,32575,2026-04-01,0.088000
KS,20057,,2022-01-01,0.075000
KS,20057,09000,2022-01-01,0.075000
KS,20057,09000,2025-04-01,0.085000
KS,20057,18250,2022-01-01,0.085049
KS,20057,18250,2022-10-01,0.085136
KS,20057,18250,2023-04-01,0.090141
KS,20057,18250,2023-07-01,0.090139
KS,20057,18250,2024-07-01,0.090138
KS,20059,,2022-01-01,0.080000
KS,20059,38400,2022-01-01,0.090000
KS,20059,53550,2022-01-01,0.096056
KS,20059,53550,2022-10-01,0.096034
KS,20059,53550,2024-10-01,0.095034
KS,20059,53550,2026-07-01,0.095033
KS,20059,57000,2022-01-01,0.100000
KS,20059,57725,2022-01-01,0.095000
KS,20059,57725,2026-07-01,0.100000
KS,20059,59675,2022-01-01,0.082500
KS,20059,76625,2022-01-01,0.095000
KS,20059,76625,2024-04-01,0.095192
KS,20059,76625,2024-07-01,0.095188
KS,20059,79300,2022-01-01,0.090000
KS,20061,,2022-01-01,0.077500
KS,20061,27425,2022-01-01,0.097500
KS,20061,35750,2022-01-01,0.097505
KS,20061,35750,2022-07-01,0.097509
KS,20061,46525,2022-01-01,0.097500
KS,20061,46525,2024-07-01,0.077782
KS,20061,46525,2024-10-01,0.077500
KS,20063,,2022-01-01,0.085000
KS,20063,28900,2022-01-01,0.087500
KS,20063,51825,2022-01-01,0.090000
KS,20063,51825,2024-04-01,0.095000
KS,20063,51825,2026-04-01,0.105000
KS,20063,58250,2022-01-01,0.085000
KS,20063,58250,2023-01-01,0.095000
KS,20065,,2022-01-01,0.075000
KS,20065,32175,2022-01-01,0.085000
KS,20065,48275,2022-01-01,0.085000
KS,20067,,2022-01-01,0.065000
KS,20067,71975,2022-01-01,0.085000
KS,20069,,2022-01-01,0.075000
KS,20069,13275,2022-01-01,0.087500
KS,20069,47875,2022-01-01,0.095000
KS,20071,28412,2022-01-01,0.075000
KS,20071,33150,2022-01-01,0.075000
KS,20071,71450,2022-01-01,0.075000
KS,20073,,2022-01-01,0.075000
KS,20073,21800,2022-01-01,0.095000
KS,20073,64050,2022-01-01,0.085000
KS,20075,,2022-01-01,0.075000
KS,20075,,2023-04-01,0.080000
KS,20075,69850,2022-01-01,0.085000
KS,20075,69850,2023-04-01,0.090000
KS,20077,,2022-01-01,0.065027
KS,20077,,2024-07-01,0.065029
KS,20077,,2025-04-01,0.065028
KS,20077,01975,2022-01-01,0.071502
KS,20077,01975,2024-07-01,0.071484
KS,20077,03100,2022-01-01,0.085000
KS,20077,07775,2022-01-01,0.065027
KS,20077,07775,2024-07-01,0.065000
KS,20077,17000,2022-01-01,0.075000
KS,20077,30175,2022-01-01,0.080031
KS,20077,30175,2023-04-01,0.085031
KS,20077,30175,2024-07-01,0.085030
KS,20079,,2022-01-01,0.085000
KS,20079,09575,2022-01-01,0.095000
KS,20079,50475,2022-01-01,0.095000
KS,20079,50475,2024-07-01,0.085006
KS,20079,63800,2022-01-01,0.090000
KS,20081,,2022-01-01,0.070000
KS,20081,63150,2022-01-01,0.080000
KS,20081,68775,2022-01-01,0.082500
KS,20083,,2022-01-01,0.075000
KS,20083,35450,2022-01-01,0.090000
KS,20083,35450,2026-04-01,0.105000
KS,20085,,2022-01-01,0.079000
KS,20085,,2026-04-01,0.081500
KS,20085,32825,2022-01-01,0.086500
KS,20085,32825,2026-04-01,0.089000
KS,20085,45250,2022-01-01,0.094000
KS,20085,45250,2026-04-01,0.096500
KS,20087,,2022-01-01,0.075000
KS,20087,43900,2022-01-01,0.075000
KS,20087,43900,2026-04-01,0.085000
KS,20087,45950,2022-01-01,0.080000
KS,20087,53375,2022-01-01,0.085000
KS,20087,53925,2022-01-01,0.085000
KS,20087,55450,2022-01-01,0.085000
KS,20087,73300,2022-01-01,0.095000
KS,20087,79800,2022-01-01,0.080000
KS,20089,,2022-01-01,0.075000
KS,20089,44300,2022-01-01,0.082500
KS,20091,,2022-01-01,0.079750
KS,20091,07975,2022-01-01,0.097250
KS,20091,17850,2022-01-01,0.097250
KS,20091,17850,2022-07-01,0.089750
KS,20091,17850,2022-10-01,0.097250
KS,20091,19825,2022-01-01,0.089816
KS,20091,19825,2022-07-01,0.089882
KS,20091,19825,2024-07-01,0.089877
KS,20091,19825,2026-01-01,0.089898
KS,20091,19825,2026-10-01,0.099898
KS,20091,22700,2022-01-01,0.099750
KS,20091,22700,2022-04-01,0.099817
KS,20091,25425,2022-01-01,0.094780
KS,20091,25425,2022-07-01,0.094815
KS,20091,25425,2024-07-01,0.094813
KS,20091,39075,2022-01-01,0.091093
KS,20091,39350,2022-01-01,0.093599
KS,20091,39350,2022-10-01,0.093603
KS,20091,39350,2023-01-01,0.093627
KS,20091,39350,2023-07-01,0.093639
KS,20091,39350,2023-10-01,0.093640
KS,20091,39350,2024-01-01,0.093642
KS,20091,39350,2024-10-01,0.093649
KS,20091,39350,2025-10-01,0.093651
KS,20091,46000,2022-01-01,0.094750
KS,20091,46000,2025-10-01,0.094791
KS,20091,46000,2026-10-01,0.094857
KS,20091,47225,2022-01-01,0.096068
KS,20091,47225,2022-04-01,0.097318
KS,20091,47225,2022-10-01,0.097310
KS,20091,47225,2023-07-01,0.097288
KS,20091,47225,2024-01-01,0.097348
KS,20091,47225,2024-07-01,0.097288
KS,20091,47225,2025-07-01,0.097333
KS,20091,47350,2022-01-01,0.092250
KS,20091,47425,2022-01-01,0.089750
KS,20091,52575,2022-01-01,0.094807
KS,20091,52575,2023-10-01,0.094808
KS,20091,52575,2025-10-01,0.094814
KS,20091,52575,2026-01-01,0.094818
KS,20091,52575,2026-07-01,0.094823
KS,20091,53775,2022-01-01,0.091134
KS,20091,53775,2022-04-01,0.091100
KS,20091,53775,2022-10-01,0.091101
KS,20091,53775,2023-01-01,0.091167
KS,20091,53775,2023-04-01,0.091199
KS,20091,53775,2023-07-01,0.091232
KS,20091,53775,2024-04-01,0.093732
KS,20091,53775,2024-07-01,0.093731
KS,20091,53775,2024-10-01,0.093732
KS,20091,53775,2026-07-01,0.093733
KS,20091,53775,2026-10-01,0.093731
KS,20091,57575,2022-01-01,0.089947
KS,20091,57575,2024-07-01,0.089946
KS,20091,60825,2022-01-01,0.094934
KS,20091,60825,2025-07-01,0.094959
KS,20091,64500,2022-01-01,0.096014
KS,20091,67625,2022-01-01,0.094750
KS,20091,77500,2022-01-01,0.095181
KS,20091,77525,2022-01-01,0.089750
KS,20093,,2022-01-01,0.065000
KS,20093,,2025-01-01,0.075000
KS,20093,17225,2022-01-01,0.075000
KS,20093,17225,2025-01-01,0.085000
KS,20093,38175,2022-01-01,0.075000
KS,20093,38175,2025-01-01,0.085000
KS,20095,,2022-01-01,0.080000
KS,20095,16775,2022-01-01,0.091765
KS,20095,16775,2024-07-01,0.091734
KS,20095,36950,2022-01-01,0.090000
KS,20095,67250,2022-01-01,0.085000
KS,20095,67250,2022-04-01,0.090000
KS,20097,,2022-01-01,0.075000
KS,20097,28675,2022-01-01,0.085000
KS,20097,49075,2022-01-01,0.085000
KS,20099,,2022-01-01,0.077500
KS,20099,01550,2022-01-01,0.092500
KS,20099,12950,2022-01-01,0.092500
KS,20099,19900,2022-01-01,0.097500
KS,20099,48825,2022-01-01,0.082500
KS,20099,53450,2022-01-01,0.092500
KS,20099,54675,2022-01-01,0.092521
KS,20099,54675,2024-07-01,0.092520
KS,20099,54675,2026-07-01,0.092541
KS,20101,,2022-01-01,0.075000
KS,20101,18050,2022-01-01,0.085000
KS,20103,,2022-01-01,0.075000
KS,20103,04400,2022-01-01,0.085051
KS,20103,04400,2024-07-01,0.085059
KS,20103,04400,2026-01-01,0.085110
KS,20103,04400,2026-04-01,0.090110
KS,20103,07975,2022-01-01,0.092500
KS,20103,17850,2022-01-01,0.092500
KS,20103,17850,2022-07-01,0.085000
KS,20103,17850,2022-10-01,0.092500
KS,20103,19600,2022-01-01,0.085000
KS,20103,38650,2022-01-01,0.089641
KS,20103,38650,2023-07-01,0.094141
KS,20103,38650,2024-07-01,0.094011
KS,20103,39000,2022-01-01,0.095032
KS,20103,41475,2022-01-01,0.085000
KS,20103,70800,2022-01-01,0.092500
KS,20105,,2022-01-01,0.075000
KS,20105,06500,2022-01-01,0.085000
KS,20105,41300,2022-01-01,0.085000
KS,20107,,2022-01-01,0.075000
KS,20107,37575,2022-01-01,0.095000
KS,20107,41465,2022-01-01,0.075000
KS,20107,41465,2024-04-01,0.085000
KS,20107,48750,2022-01-01,0.085000
KS,20107,54500,2022-01-01,0.095000
KS,20107,56450,2022-01-01,0.085000
KS,20107,56450,2024-04-01,0.095000
KS,20109,,2022-01-01,0.080000
KS,20109,,2025-01-01,0.075000
KS,20109,,2025-04-01,0.085000
KS,20109,51825,2022-01-01,0.085000
KS,20109,51825,2025-01-01,0.080000
KS,20109,51825,2025-04-01,0.090000
KS,20109,51825,2026-04-01,0.100000
KS,20111,,2022-01-01,0.075000
KS,20111,01675,2022-01-01,0.085000
KS,20111,21275,2022-01-01,0.085015
KS,20111,21275,2023-04-01,0.085032
KS,20111,21275,2024-04-01,0.085042
KS,20111,21275,2024-07-01,0.085041
KS,20111,21275,2024-10-01,0.085056
KS,20111,30475,2022-01-01,0.085000
KS,20111,49875,2022-01-01,0.085000
KS,20111,52800,2022-01-01,0.080000
KS,20111,52800,2024-04-01,0.085000
KS,20113,,2022-01-01,0.080000
KS,20113,,2026-04-01,0.085000
KS,20113,10475,2022-01-01,0.090000
KS,20113,10475,2026-04-01,0.095000
KS,20113,41375,2022-01-01,0.095000
KS,20113,41375,2026-04-01,0.100000
KS,20113,43950,2022-01-01,0.090044
KS,20113,43950,2024-01-01,0.090066
KS,20113,43950,2024-07-01,0.090065
KS,20113,43950,2026-04-01,0.095065
KS,20113,43950,2026-10-01,0.095066
KS,20113,44925,2022-01-01,0.090000
KS,20113,44925,2026-04-01,0.095000
KS,20113,48800,2022-01-01,0.090000
KS,20113,48800,2026-04-01,0.095000
KS,20115,,2022-01-01,0.075000
KS,20115,23600,2022-01-01,0.085000
KS,20115,32275,2022-01-01,0.085000
KS,20115,44750,2022-01-01,0.082500
KS,20115,55100,2022-01-01,0.085000
KS,20117,,2022-01-01,0.070000
KS,20117,03600,2022-01-01,0.080000
KS,20117,07650,2022-01-01,0.090000
KS,20117,07650,2024-01-01,0.085000
KS,20117,07650,2024-04-01,0.090000
KS,20117,24275,2022-01-01,0.080000
KS,20117,24275,2023-04-01,0.085000
KS,20117,45050,2022-01-01,0.086000
KS,20117,75950,2022-01-01,0.085000
KS,20117,75950,2024-01-01,0.080000
KS,20117,75950,2024-04-01,0.085000
KS,20119,,2022-01-01,0.075000
KS,20119,24175,2022-01-01,0.075000
KS,20119,24175,2024-04-01,0.085000
KS,20119,45325,2022-01-01,0.085000
KS,20121,,2022-01-01,0.080000
KS,20121,23650,2022-01-01,0.085000
KS,20121,42875,2022-01-01,0.095000
KS,20121,53225,2022-01-01,0.092500
KS,20121,53225,2022-04-01,0.097500
KS,20121,54250,2022-01-01,0.092500
KS,20121,54250,2023-07-01,0.092509
KS,20121,67625,2022-01-01,0.095000
KS,20123,,2022-01-01,0.075000
KS,20123,05775,2022-01-01,0.085000
KS,20123,11175,2022-01-01,0.085000
KS,20123,26500,2022-01-01,0.075000
KS,20123,26500,2022-04-01,0.085000
KS,20123,70675,2022-01-01,0.085000
KS,20125,,2022-01-01,0.065000
KS,20125,10375,2022-01-01,0.095000
KS,20125,12925,2022-01-01,0.095000
KS,20125,12925,2023-10-01,0.085000
KS,20125,12925,2024-01-01,0.092500
KS,20125,12925,2024-07-01,0.095000
KS,20125,14600,2022-01-01,0.095009
KS,20125,14600,2024-01-01,0.090009
KS,20125,14600,2024-04-01,0.095009
KS,20125,14600,2025-01-01,0.095019
KS,20125,17150,2022-01-01,0.085000
KS,20125,33875,2022-01-01,0.095000
KS,20127,,2022-01-01,0.075000
KS,20127,15925,2022-01-01,0.092000
KS,20127,31400,2022-01-01,0.085000
KS,20127,31400,2026-07-01,0.095000
KS,20129,,2022-01-01,0.075000
KS,20129,20350,2022-01-01,0.085000
KS,20129,60900,2022-01-01,0.095000
KS,20131,,2022-01-01,0.080000
KS,20131,62025,2022-01-01,0.090000
KS,20131,63950,2022-01-01,0.090000
KS,20133,,2022-01-01,0.082500
KS,20133,12500,2022-01-01,0.095035
KS,20133,12500,2025-01-01,0.095075
KS,20133,21500,2022-01-01,0.097500
KS,20133,62500,2022-01-01,0.092500
KS,20133,70300,2022-01-01,0.095000
KS,20135,,2022-01-01,0.065000
KS,20135,49925,2022-01-01,0.085000
KS,20135,58500,2022-01-01,0.070000
KS,20135,72650,2022-01-01,0.075000
KS,20137,,2022-01-01,0.072500
KS,20137,,2024-10-01,0.082500
KS,20137,01425,2022-01-01,0.077500
KS,20137,01425,2024-10-01,0.087500
KS,20137,51500,2022-01-01,0.085000
KS,20137,51500,2024-10-01,0.095000
KS,20139,,2022-01-01,0.075000
KS,20139,,2022-07-01,0.080000
KS,20139,,2026-07-01,0.075000
KS,20139,09350,2022-01-01,0.090000
KS,20139,09350,2022-07-01,0.095000
KS,20139,09350,2026-07-01,0.090000
KS,20139,10600,2022-01-01,0.095000
KS,20139,10600,2022-07-01,0.100000
KS,20139,10600,2026-07-01,0.095000
KS,20139,43350,2022-01-01,0.090000
KS,20139,43350,2022-07-01,0.095000
KS,20139,43350,2025-07-01,0.090000
KS,20139,43350,2026-04-01,0.095000
KS,20139,43350,2026-07-01,0.090000
KS,20139,45700,2022-01-01,0.085000
KS,20139,45700,2022-07-01,0.090000
KS,20139,45700,2026-07-01,0.085000
KS,20139,53200,2022-01-01,0.090000
KS,20139,53200,2022-07-01,0.095000
KS,20139,53200,2026-07-01,0.090000
KS,20139,53725,2022-01-01,0.085000
KS,20139,53725,2022-07-01,0.090000
KS,20139,53725,2026-07-01,0.085000
KS,20139,63675,2022-01-01,0.085000
KS,20139,63675,2022-07-01,0.090000
KS,20139,63675,2026-07-01,0.085000
KS,20141,,2022-01-01,0.080000
KS,20141,18500,2022-01-01,0.085000
KS,20143,,2022-01-01,0.075000
KS,20143,06075,2022-01-01,0.085000
KS,20143,17600,2022-01-01,0.085000
KS,20143,47075,2022-01-01,0.085000
KS,20145,,2022-01-01,0.085000
KS,20145,38700,2022-01-01,0.090000
KS,20147,,2022-01-01,0.070000
KS,20147,26325,2022-01-01,0.090000
KS,20147,42100,2022-01-01,0.080000
KS,20147,55675,2022-01-01,0.090000
KS,20147,67175,2022-01-01,0.070000
KS,20147,67175,2023-04-01,0.080000
KS,20149,,2022-01-01,0.075000
KS,20149,,2026-07-01,0.075007
KS,20149,05925,2022-01-01,0.075000
KS,20149,21100,2022-01-01,0.075000
KS,20149,30775,2022-01-01,0.075000
KS,20149,42925,2022-01-01,0.075000
KS,20149,44250,2022-01-01,0.089500
KS,20149,44250,2023-01-01,0.094500
KS,20149,52825,2022-01-01,0.075000
KS,20149,52825,2023-04-01,0.085000
KS,20149,52875,2022-01-01,0.085000
KS,20149,62200,2022-01-01,0.090000
KS,20149,62400,2022-01-01,0.085000
KS,20149,75325,2022-01-01,0.092500
KS,20149,77200,2022-01-01,0.085000
KS,20149,77200,2025-04-01,0.100000
KS,20149,77700,2022-01-01,0.075000
KS,20151,,2022-01-01,0.082500
KS,20151,57625,2022-01-01,0.090000
KS,20153,,2022-01-01,0.075000
KS,20153,,2025-01-01,0.085000
KS,20155,,2022-01-01,0.075000
KS,20155,02325,2022-01-01,0.075000
KS,20155,02325,2023-04-01,0.085000
KS,20155,09200,2022-01-01,0.085000
KS,20155,33625,2022-01-01,0.086081
KS,20155,33625,2024-07-01,0.086079
KS,20155,33625,2024-10-01,0.082579
KS,20155,33625,2026-01-01,0.082584
KS,20155,33625,2026-10-01,0.090089
KS,20155,50525,2022-01-01,0.085000
KS,20155,57700,2022-01-01,0.085000
KS,20155,66750,2022-01-01,0.082516
KS,20155,69800,2022-01-01,0.080000
KS,20157,,2022-01-01,0.085000
KS,20157,05600,2022-01-01,0.090000
KS,20159,,2022-01-01,0.075000
KS,20159,00950,2022-01-01,0.085000
KS,20159,12650,2022-01-01,0.080000
KS,20159,26075,2022-01-01,0.095000
KS,20159,41575,2022-01-01,0.085000
KS,20159,43525,2022-01-01,0.085000
KS,20159,68200,2022-01-01,0.085000
KS,20161,,2022-01-01,0.075000
KS,20161,,2023-01-01,0.072000
KS,20161,39500,2022-01-01,0.085000
KS,20161,39500,2023-01-01,0.082000
KS,20161,44250,2022-01-01,0.089595
KS,20161,44250,2023-01-01,0.091595
KS,20161,52275,2022-01-01,0.085000
KS,20161,52275,2023-01-01,0.082000
KS,20161,58475,2022-01-01,0.085000
KS,20161,58475,2023-01-01,0.082000
KS,20161,59875,2022-01-01,0.085000
KS,20161,59875,2023-01-01,0.082000
KS,20163,,2022-01-01,0.070000
KS,20163,54125,2022-01-01,0.080000
KS,20163,56150,2022-01-01,0.090000
KS,20163,68350,2022-01-01,0.095000
KS,20165,,2022-01-01,0.065000
KS,20165,37500,2022-01-01,0.085000
KS,20165,37500,2024-04-01,0.095000
KS,20165,40400,2022-01-01,0.065000
KS,20165,40400,2026-04-01,0.080000
KS,20167,,2022-01-01,0.085000
KS,20167,43150,2022-01-01,0.095000
KS,20167,43250,2022-01-01,0.105000
KS,20167,61825,2022-01-01,0.085000
KS,20167,61825,2024-01-01,0.090000
KS,20167,61825,2024-07-01,0.085017
KS,20167,61825,2025-04-01,0.092517
KS,20169,,2022-01-01,0.080000
KS,20169,62700,2022-01-01,0.092750
KS,20171,,2022-01-01,0.085000
KS,20171,63600,2022-01-01,0.090000
KS,20173,,2022-01-01,0.075000
KS,20173,13925,2022-01-01,0.075000
KS,20173,13925,2024-01-01,0.085000
KS,20173,17800,2022-01-01,0.080000
KS,20173,17800,2025-01-01,0.085000
KS,20173,25375,2022-01-01,0.075000
KS,20173,25375,2022-04-01,0.085000
KS,20173,26725,2022-01-01,0.085238
KS,20173,26725,2023-04-01,0.085346
KS,20173,26725,2025-10-01,0.085357
KS,20173,31125,2022-01-01,0.085000
KS,20173,31125,2024-07-01,0.075000
KS,20173,31125,2024-10-01,0.085000
KS,20173,36225,2022-01-01,0.075000
KS,20173,36225,2023-07-01,0.085000
KS,20173,44200,2022-01-01,0.075000
KS,20173,44200,2026-01-01,0.085000
KS,20173,48900,2022-01-01,0.075000
KS,20173,48900,2024-04-01,0.085000
KS,20173,49100,2022-01-01,0.075000
KS,20173,49100,2022-07-01,0.085000
KS,20173,54450,2022-01-01,0.075000
KS,20173,54450,2024-01-01,0.085000
KS,20173,54450,2024-07-01,0.085028
KS,20173,54450,2026-07-01,0.085021
KS,20173,63800,2022-01-01,0.080000
KS,20173,73250,2022-01-01,0.085000
KS,20173,79000,2022-01-01,0.075060
KS,20173,79000,2022-07-01,0.075062
KS,20173,79000,2024-04-01,0.075063
KS,20173,79000,2024-07-01,0.075060
KS,20173,79000,2026-04-01,0.075065
KS,20175,,2022-01-01,0.077500
KS,20175,39825,2022-01-01,0.092602
KS,20175,39825,2022-07-01,0.092610
KS,20177,,2022-01-01,0.076504
KS,20177,,2023-04-01,0.078504
KS,20177,03250,2022-01-01,0.091500
KS,20177,03250,2023-04-01,0.093500
KS,20177,61400,2022-01-01,0.086500
KS,20177,61400,2023-04-01,0.088500
KS,20177,65600,2022-01-01,0.076500
KS,20177,65600,2023-04-01,0.078500
KS,20177,65600,2024-04-01,0.088500
KS,20177,71000,2022-01-01,0.091526
KS,20177,71000,2023-04-01,0.093526
KS,20177,71000,2024-07-01,0.093525
KS,20177,71000,2025-07-01,0.093528
KS,20177,71000,2026-07-01,0.093550
KS,20177,79250,2022-01-01,0.084000
KS,20177,79250,2023-04-01,0.086000
KS,20179,,2022-01-01,0.085000
KS,20181,,2022-01-01,0.087500
KS,20181,26875,2022-01-01,0.090064
KS,20181,35975,2022-01-01,0.087500
KS,20181,35975,2022-04-01,0.107500
KS,20183,,2022-01-01,0.085000
KS,20183,36550,2022-01-01,0.092500
KS,20183,65925,2022-01-01,0.095000
KS,20185,,2022-01-01,0.075000
KS,20185,62275,2022-01-01,0.085000
KS,20185,67775,2022-01-01,0.095000
KS,20187,,2022-01-01,0.075000
KS,20189,,2022-01-01,0.075000
KS,20189,,2022-07-01,0.065000
KS,20189,,2023-07-01,0.075000
KS,20189,33425,2022-01-01,0.090034
KS,20189,33425,2022-07-01,0.080034
KS,20189,33425,2023-07-01,0.090034
KS,20189,48600,2022-01-01,0.095000
KS,20189,48600,2022-07-01,0.085000
KS,20189,48600,2023-07-01,0.095000
KS,20191,,2022-01-01,0.075000
KS,20191,02250,2022-01-01,0.085000
KS,20191,05500,2022-01-01,0.085000
KS,20191,09900,2022-01-01,0.085000
KS,20191,15325,2022-01-01,0.085000
KS,20191,15325,2024-04-01,0.105000
KS,20191,45275,2022-01-01,0.080000
KS,20191,49100,2022-01-01,0.075000
KS,20191,49100,2022-07-01,0.085000
KS,20191,53850,2022-01-01,0.085000
KS,20191,76475,2022-01-01,0.095000
KS,20191,76475,2025-04-01,0.085000
KS,20193,,2022-01-01,0.082500
KS,20193,14650,2022-01-01,0.090000
KS,20193,14650,2022-10-01,0.090031
KS,20193,14650,2023-10-01,0.090063
KS,20193,14650,2024-07-01,0.090062
KS,20193,14650,2026-04-01,0.090187
KS,20193,51825,2022-01-01,0.087500
KS,20193,51825,2026-04-01,0.097500
KS,20195,,2022-01-01,0.075000
KS,20195,14900,2022-01-01,0.085000
KS,20195,74450,2022-01-01,0.085075
KS,20197,,2022-01-01,0.080097
KS,20197,,2024-07-01,0.080105
KS,20197,,2026-10-01,0.080110
KS,20197,01350,2022-01-01,0.090000
KS,20197,01575,2022-01-01,0.080097
KS,20197,01575,2024-07-01,0.080000
KS,20197,21650,2022-01-01,0.090000
KS,20197,30575,2022-01-01,0.080097
KS,20197,30575,2024-07-01,0.080000
KS,20197,43775,2022-01-01,0.080097
KS,20197,43775,2024-07-01,0.080000
KS,20197,44500,2022-01-01,0.087500
KS,20197,54950,2022-01-01,0.090000
KS,20197,79250,2022-01-01,0.087500
KS,20199,,2022-01-01,0.075000
KS,20201,,2022-01-01,0.075000
KS,20201,14200,2022-01-01,0.085000
KS,20201,75825,2022-01-01,0.085000
KS,20203,,2022-01-01,0.085000
KS,20205,,2022-01-01,0.065000
KS,20205,,2023-04-01,0.075000
KS,20205,01625,2022-01-01,0.075000
KS,20205,01625,2023-04-01,0.085000
KS,20205,01625,2025-01-01,0.075000
KS,20205,01625,2026-07-01,0.095000
KS,20205,24575,2022-01-01,0.090000
KS,20205,24575,2023-04-01,0.100000
KS,20205,49650,2022-01-01,0.095000
KS,20205,49650,2023-04-01,0.105000
KS,20207,,2022-01-01,0.075000
KS,20207,71050,2022-01-01,0.080000
KS,20207,80700,2022-01-01,0.095000
KS,20207,80700,2022-10-01,0.087500
KS,20207,80700,2023-04-01,0.095000
KS,20209,,2022-01-01,0.075000
KS,20209,07975,2022-01-01,0.092544
KS,20209,20000,2022-01-01,0.090178
KS,20209,20000,2024-07-01,0.090173
KS,20209,20000,2025-04-01,0.100173
KS,20209,20000,2026-04-01,0.100175
KS,20209,20000,2026-10-01,0.100178
KS,20209,36000,2022-01-01,0.091344
KS,20209,36000,2024-04-01,0.091345
KS,20209,36000,2024-10-01,0.091348
KS,20209,36000,2025-04-01,0.091363
KS,20209,36000,2025-07-01,0.091362
KS,20209,36000,2026-04-01,0.091361
KS,20209,36000,2026-07-01,0.091379
KS,20209,36000,2026-10-01,0.091378
MN,27001,,2022-01-01,0.068754
MN,27001,,2024-01-01,0.068763
MN,27001,,2024-04-01,0.068829
MN,27001,,2024-07-01,0.068775
MN,27001,,2025-01-01,0.068826
MN,27001,,2025-04-01,0.068815
MN,27001,,2025-07-01,0.068814
MN,27001,,2026-01-01,0.068822
MN,27001,,2026-04-01,0.068828
MN,27001,,2026-07-01,0.069690
MN,27001,,2026-10-01,0.069710
MN,27003,,2022-01-01,0.071250
MN,27003,,2023-10-01,0.081250
MN,27005,,2022-01-01,0.073750
MN,27005,15832,2022-01-01,0.078750
MN,27005,15832,2023-07-01,0.073750
MN,27005,15832,2025-04-01,0.078750
MN,27007,,2022-01-01,0.073750
MN,27007,,2024-07-01,0.080000
MN,27007,05068,2022-01-01,0.078750
MN,27007,05068,2024-07-01,0.085000
MN,27007,06256,2022-01-01,0.073750
MN,27007,06256,2024-07-01,0.080000
MN,27007,06256,2025-04-01,0.085000
MN,27007,06256,2026-10-01,0.080000
MN,27009,,2022-01-01,0.075763
MN,27009,,2022-10-01,0.075771
MN,27009,,2023-01-01,0.075766
MN,27009,,2023-07-01,0.075753
MN,27009,,2023-10-01,0.075758
MN,27009,,2024-01-01,0.075765
MN,27009,,2024-04-01,0.075758
MN,27009,,2024-07-01,0.075750
MN,27009,,2024-10-01,0.075758
MN,27009,,2025-01-01,0.075760
MN,27009,,2025-07-01,0.075727
MN,27009,,2026-01-01,0.075722
MN,27009,,2026-07-01,0.075740
MN,27011,,2022-01-01,0.068754
MN,27011,,2024-01-01,0.068763
MN,27011,,2024-04-01,0.068829
MN,27011,,2024-07-01,0.068775
MN,27011,,2025-01-01,0.068826
MN,27011,,2025-04-01,0.068815
MN,27011,,2025-07-01,0.068814
MN,27011,,2026-01-01,0.068822
MN,27011,,2026-04-01,0.068828
MN,27011,,2026-07-01,0.069690
MN,27011,,2026-10-01,0.069710
MN,27013,,2022-01-01,0.073750
MN,27013,39878,2022-01-01,0.078750
MN,27015,,2022-01-01,0.073750
MN,27015,46042,2022-01-01,0.078750
MN,27017,,2022-01-01,0.073750
MN,27017,,2023-04-01,0.078710
MN,27017,,2023-10-01,0.078750
MN,27017,12160,2022-01-01,0.078750
MN,27017,12160,2023-04-01,0.088750
MN,27017,43954,2022-01-01,0.078750
MN,27017,43954,2023-04-01,0.083750
MN,27017,58936,2022-01-01,0.078750
MN,27017,58936,2023-04-01,0.083750
MN,27017,58936,2026-04-01,0.078750
MN,27019,,2022-01-01,0.073750
MN,27019,,2023-10-01,0.083750
MN,27019,10918,2022-01-01,0.073750
MN,27019,10918,2023-10-01,0.083750
MN,27019,10918,2025-04-01,0.088750
MN,27021,,2022-01-01,0.073750
MN,27021,67792,2022-01-01,0.088750
MN,27023,,2022-01-01,0.068754
MN,27023,,2024-01-01,0.068763
MN,27023,,2024-04-01,0.068829
MN,27023,,2024-07-01,0.068775
MN,27023,,2025-01-01,0.073750
MN,27025,,2022-01-01,0.073750
MN,27025,,2023-10-01,0.073828
MN,27025,,2024-01-01,0.073750
MN,27027,,2022-01-01,0.073750
MN,27027,15976,2022-01-01,0.073750
MN,27027,15976,2025-04-01,0.078750
MN,27027,43864,2022-01-01,0.073750
MN,27027,43864,2023-04-01,0.078750
MN,27029,,2022-01-01,0.068754
MN,27029,,2024-01-01,0.068763
MN,27029,,2024-04-01,0.068829
MN,27029,,2024-07-01,0.068775
MN,27029,,2025-01-01,0.068826
MN,27029,,2025-04-01,0.068815
MN,27029,,2025-07-01,0.068814
MN,27029,,2026-01-01,0.068822
MN,27029,,2026-04-01,0.068828
MN,27029,,2026-07-01,0.069690
MN,27029,,2026-10-01,0.069710
MN,27031,,2022-01-01,0.083750
MN,27033,,2022-01-01,0.068754
MN,27033,,2024-01-01,0.068763
MN,27033,,2024-04-01,0.068829
MN,27033,,2024-07-01,0.068775
MN,27033,,2025-01-01,0.068826
MN,27033,,2025-04-01,0.068815
MN,27033,,2025-07-01,0.068814
MN,27033,,2026-01-01,0.068822
MN,27033,,2026-04-01,0.068828
MN,27033,,2026-07-01,0.069690
MN,27033,,2026-10-01,0.069710
MN,27035,,2022-01-01,0.074512
MN,27035,,2022-04-01,0.074524
MN,27035,,2022-07-01,0.074522
MN,27035,,2022-10-01,0.074516
MN,27035,,2023-04-01,0.074514
MN,27035,,2023-07-01,0.074504
MN,27035,,2023-10-01,0.074502
MN,27035,,2024-07-01,0.074497
MN,27035,,2024-10-01,0.074493
MN,27035,,2025-01-01,0.074491
MN,27035,,2025-04-01,0.074494
MN,27035,,2025-07-01,0.074486
MN,27035,,2026-01-01,0.074483
MN,27035,,2026-07-01,0.074485
MN,27035,,2026-10-01,0.074476
MN,27035,04042,2022-01-01,0.078750
MN,27035,07300,2022-01-01,0.078750
MN,27037,,2022-01-01,0.071250
MN,27037,,2023-10-01,0.081250
MN,27037,69700,2022-01-01,0.076250
MN,27037,69700,2023-10-01,0.086250
MN,27039,,2022-01-01,0.073750
MN,27041,,2022-01-01,0.073750
MN,27043,,2022-01-01,0.068754
MN,27043,,2024-01-01,0.068763
MN,27043,,2024-04-01,0.068829
MN,27043,,2024-07-01,0.068775
MN,27043,,2025-01-01,0.068826
MN,27043,,2025-04-01,0.068815
MN,27043,,2025-07-01,0.068814
MN,27043,,2026-01-01,0.068822
MN,27043,,2026-04-01,0.073750
MN,27043,06688,2022-01-01,0.073750
MN,27043,06688,2026-04-01,0.078750
MN,27045,,2022-01-01,0.073750
MN,27045,35450,2022-01-01,0.078750
MN,27045,35450,2025-01-01,0.073750
MN,27047,,2022-01-01,0.073750
MN,27047,00694,2022-01-01,0.078750
MN,27047,00694,2026-10-01,0.073750
MN,27049,,2022-01-01,0.073750
MN,27051,,2022-01-01,0.068754
MN,27051,,2024-01-01,0.068763
MN,27051,,2024-04-01,0.068829
MN,27051,,2024-07-01,0.068775
MN,27051,,2025-01-01,0.068826
MN,27051,,2025-04-01,0.068815
MN,27051,,2025-07-01,0.068814
MN,27051,,2026-01-01,0.068822
MN,27051,,2026-04-01,0.068828
MN,27051,,2026-07-01,0.069690
MN,27051,,2026-10-01,0.069710
MN,27053,,2022-01-01,0.075250
MN,27053,,2023-10-01,0.085250
MN,27053,06616,2022-01-01,0.075250
MN,27053,06616,2023-10-01,0.085250
MN,27053,06616,2024-04-01,0.090250
MN,27053,10918,2022-01-01,0.075250
MN,27053,10918,2023-10-01,0.085250
MN,27053,10918,2025-04-01,0.083750
MN,27053,18188,2022-01-01,0.075250
MN,27053,18188,2023-04-01,0.080250
MN,27053,18188,2023-10-01,0.090250
MN,27053,20078,2022-01-01,0.080250
MN,27053,20078,2023-10-01,0.090250
MN,27053,24308,2022-01-01,0.075250
MN,27053,24308,2023-10-01,0.085250
MN,27053,24308,2024-04-01,0.097750
MN,27053,40166,2022-01-01,0.075250
MN,27053,40166,2023-04-01,0.080250
MN,27053,40166,2023-10-01,0.090250
MN,27053,43000,2022-01-01,0.080250
MN,27053,43000,2023-10-01,0.090250
MN,27053,54214,2022-01-01,0.075250
MN,27053,54214,2023-10-01,0.085250
MN,27053,54214,2025-04-01,0.090250
MN,27053,55186,2022-01-01,0.077750
MN,27053,55186,2023-10-01,0.087750
MN,27055,,2022-01-01,0.068754
MN,27055,,2024-01-01,0.068763
MN,27055,,2024-04-01,0.068829
MN,27055,,2024-07-01,0.068775
MN,27055,,2025-01-01,0.068826
MN,27055,,2025-04-01,0.068815
MN,27055,,2025-07-01,0.068814
MN,27055,,2026-01-01,0.068822
MN,27055,,2026-04-01,0.068828
MN,27055,,2026-07-01,0.069690
MN,27055,,2026-10-01,0.069710
MN,27057,,2022-01-01,0.073750
MN,27059,,2022-01-01,0.073750
MN,27059,09370,2022-01-01,0.078750
MN,27061,,2022-01-01,0.068754
MN,27061,,2023-04-01,0.078750
MN,27061,25118,2022-01-01,0.068754
MN,27061,25118,2023-04-01,0.083750
MN,27063,,2022-01-01,0.068754
MN,27063,,2024-01-01,0.068763
MN,27063,,2024-04-01,0.068829
MN,27063,,2024-07-01,0.068775
MN,27063,,2025-01-01,0.068826
MN,27063,,2025-04-01,0.078750
MN,27065,,2022-01-01,0.073750
MN,27067,,2022-01-01,0.073750
MN,27067,45682,2022-01-01,0.078750
MN,27067,45682,2026-01-01,0.073750
MN,27067,61690,2022-01-01,0.078750
MN,27067,70420,2022-01-01,0.078750
MN,27069,,2022-01-01,0.068754
MN,27069,,2024-01-01,0.068763
MN,27069,,2024-04-01,0.068829
MN,27069,,2024-07-01,0.068775
MN,27069,,2025-01-01,0.068826
MN,27069,,2025-04-01,0.068815
MN,27069,,2025-07-01,0.068814
MN,27069,,2026-01-01,0.068822
MN,27069,,2026-04-01,0.068828
MN,27069,,2026-07-01,0.069690
MN,27069,,2026-10-01,0.069710
MN,27071,,2022-01-01,0.068754
MN,27071,,2022-04-01,0.073750
MN,27071,31040,2022-01-01,0.078750
MN,27071,31040,2022-04-01,0.083750
MN,27073,,2022-01-01,0.068754
MN,27073,,2024-01-01,0.068763
MN,27073,,2024-04-01,0.068829
MN,27073,,2024-07-01,0.068775
MN,27073,,2025-01-01,0.068826
MN,27073,,2025-04-01,0.068815
MN,27073,,2025-07-01,0.068814
MN,27073,,2026-01-01,0.068822
MN,27073,,2026-04-01,0.068828
MN,27073,,2026-07-01,0.069690
MN,27073,,2026-10-01,0.069710
MN,27075,,2022-01-01,0.073750
MN,27075,65956,2022-01-01,0.083750
MN,27077,,2022-01-01,0.068754
MN,27077,,2024-01-01,0.068763
MN,27077,,2024-04-01,0.068829
MN,27077,,2024-07-01,0.068775
MN,27077,,2025-01-01,0.068826
MN,27077,,2025-04-01,0.068815
MN,27077,,2025-07-01,0.068814
MN,27077,,2026-01-01,0.068822
MN,27077,,2026-04-01,0.068828
MN,27077,,2026-07-01,0.069690
MN,27077,,2026-10-01,0.069710
MN,27079,,2022-01-01,0.073750
MN,27079,,2023-10-01,0.073816
MN,27079,,2024-01-01,0.073750
MN,27081,,2022-01-01,0.068754
MN,27081,,2024-01-01,0.068763
MN,27081,,2024-04-01,0.068829
MN,27081,,2024-07-01,0.068775
MN,27081,,2025-01-01,0.068826
MN,27081,,2025-04-01,0.068815
MN,27081,,2025-07-01,0.068814
MN,27081,,2026-01-01,0.068822
MN,27081,,2026-04-01,0.068828
MN,27081,,2026-07-01,0.069690
MN,27081,,2026-10-01,0.069710
MN,27083,,2022-01-01,0.068754
MN,27083,,2024-01-01,0.068763
MN,27083,,2024-04-01,0.068829
MN,27083,,2024-07-01,0.068775
MN,27083,,2025-01-01,0.068826
MN,27083,,2025-04-01,0.068815
MN,27083,,2025-07-01,0.068814
MN,27083,,2026-01-01,0.068822
MN,27083,,2026-04-01,0.068828
MN,27083,,2026-07-01,0.069690
MN,27083,,2026-10-01,0.069710
MN,27083,40688,2022-01-01,0.073750
MN,27085,,2022-01-01,0.073750
MN,27085,30644,2022-01-01,0.078750
MN,27087,,2022-01-01,0.068754
MN,27087,,2024-01-01,0.068763
MN,27087,,2024-04-01,0.068829
MN,27087,,2024-07-01,0.068775
MN,27087,,2025-01-01,0.068826
MN,27087,,2025-04-01,0.068815
MN,27087,,2025-07-01,0.068814
MN,27087,,2026-01-01,0.068822
MN,27087,,2026-04-01,0.068828
MN,27087,,2026-07-01,0.069690
MN,27087,,2026-10-01,0.069710
MN,27089,,2022-01-01,0.068754
MN,27089,,2024-01-01,0.068763
MN,27089,,2024-04-01,0.068829
MN,27089,,2024-07-01,0.068775
MN,27089,,2025-01-01,0.068826
MN,27089,,2025-04-01,0.068815
MN,27089,,2025-07-01,0.068814
MN,27089,,2026-01-01,0.068822
MN,27089,,2026-04-01,0.068828
MN,27089,,2026-07-01,0.069690
MN,27089,,2026-10-01,0.069710
MN,27089,68170,2022-01-01,0.068754
MN,27089,68170,2023-04-01,0.073750
MN,27091,,2022-01-01,0.068754
MN,27091,,2024-01-01,0.068763
MN,27091,,2024-04-01,0.068829
MN,27091,,2024-07-01,0.068775
MN,27091,,2025-01-01,0.068826
MN,27091,,2025-04-01,0.068815
MN,27091,,2025-07-01,0.068814
MN,27091,,2026-01-01,0.073750
MN,27091,20330,2022-01-01,0.073750
MN,27091,20330,2026-01-01,0.078750
MN,27093,,2022-01-01,0.068754
MN,27093,,2024-01-01,0.068763
MN,27093,,2024-04-01,0.068829
MN,27093,,2024-07-01,0.068775
MN,27093,,2025-01-01,0.068826
MN,27093,,2025-04-01,0.068815
MN,27093,,2025-07-01,0.068814
MN,27093,,2026-01-01,0.068822
MN,27093,,2026-04-01,0.068828
MN,27093,,2026-07-01,0.069690
MN,27093,,2026-10-01,0.069710
MN,27093,37448,2022-01-01,0.068754
MN,27093,37448,2023-07-01,0.073750
MN,27093,37448,2026-07-01,0.078750
MN,27095,,2022-01-01,0.074762
MN,27095,,2022-04-01,0.074754
MN,27095,,2022-07-01,0.074750
MN,27095,,2022-10-01,0.074742
MN,27095,,2023-01-01,0.074778
MN,27095,,2023-10-01,0.074774
MN,27095,,2024-04-01,0.074770
MN,27095,,2024-07-01,0.074792
MN,27095,,2024-10-01,0.074831
MN,27095,,2025-07-01,0.074815
MN,27095,,2026-07-01,0.074811
MN,27095,,2026-10-01,0.074742
MN,27097,,2022-01-01,0.073750
MN,27099,,2022-01-01,0.073750
MN,27099,02908,2022-01-01,0.078750
MN,27101,,2022-01-01,0.068754
MN,27101,,2024-01-01,0.068763
MN,27101,,2024-04-01,0.068829
MN,27101,,2024-07-01,0.068775
MN,27101,,2025-01-01,0.068826
MN,27101,,2025-04-01,0.068815
MN,27101,,2025-07-01,0.068814
MN,27101,,2026-01-01,0.068822
MN,27101,,2026-04-01,0.068828
MN,27101,,2026-07-01,0.069690
MN,27101,,2026-10-01,0.069710
MN,27103,,2022-01-01,0.073750
MN,27103,39878,2022-01-01,0.078750
MN,27103,47068,2022-01-01,0.078750
MN,27103,58036,2022-01-01,0.073750
MN,27103,58036,2022-07-01,0.078750
MN,27105,,2022-01-01,0.073750
MN,27105,71734,2022-01-01,0.078750
MN,27107,,2022-01-01,0.068754
MN,27107,,2022-07-01,0.073750
MN,27109,,2022-01-01,0.073750
MN,27109,54880,2022-01-01,0.081250
MN,27111,,2022-01-01,0.073750
MN,27111,20906,2022-01-01,0.078750
MN,27111,20906,2022-10-01,0.073750
MN,27111,20906,2023-10-01,0.078750
MN,27111,50470,2022-01-01,0.078750
MN,27113,,2022-01-01,0.068754
MN,27113,,2024-01-01,0.068763
MN,27113,,2024-04-01,0.068829
MN,27113,,2024-07-01,0.068775
MN,27113,,2025-01-01,0.068826
MN,27113,,2025-04-01,0.068815
MN,27113,,2025-07-01,0.068814
MN,27113,,2026-01-01,0.068822
MN,27113,,2026-04-01,0.068828
MN,27113,,2026-07-01,0.069690
MN,27113,,2026-10-01,0.069710
MN,27115,,2022-01-01,0.073750
MN,27117,,2022-01-01,0.068754
MN,27117,,2024-01-01,0.068763
MN,27117,,2024-04-01,0.068829
MN,27117,,2024-07-01,0.068775
MN,27117,,2025-01-01,0.068826
MN,27117,,2025-04-01,0.068815
MN,27117,,2025-07-01,0.068814
MN,27117,,2026-01-01,0.068822
MN,27117,,2026-04-01,0.068828
MN,27117,,2026-07-01,0.069690
MN,27117,,2026-10-01,0.069710
MN,27119,,2022-01-01,0.071250
MN,27119,,2024-04-01,0.073750
MN,27119,17612,2022-01-01,0.071250
MN,27119,17612,2024-04-01,0.073750
MN,27119,17612,2025-07-01,0.083750
MN,27121,,2022-01-01,0.068754
MN,27121,,2024-01-01,0.068763
MN,27121,,2024-04-01,0.068829
MN,27121,,2024-07-01,0.068775
MN,27121,,2025-01-01,0.068826
MN,27121,,2025-04-01,0.068815
MN,27121,,2025-07-01,0.068814
MN,27121,,2026-01-01,0.068822
MN,27121,,2026-04-01,0.068828
MN,27121,,2026-07-01,0.069690
MN,27121,,2026-10-01,0.069710
MN,27121,24074,2022-01-01,0.073750
MN,27123,,2022-01-01,0.073750
MN,27123,,2023-10-01,0.083680
MN,27123,,2024-04-01,0.083750
MN,27123,55852,2022-01-01,0.073750
MN,27123,55852,2023-10-01,0.083680
MN,27123,55852,2024-04-01,0.083750
MN,27123,55852,2025-07-01,0.088750
MN,27123,58000,2022-01-01,0.078750
MN,27123,58000,2023-10-01,0.088750
MN,27123,58000,2024-04-01,0.098750
MN,27125,,2022-01-01,0.068754
MN,27125,,2024-01-01,0.068763
MN,27125,,2024-04-01,0.068829
MN,27125,,2024-07-01,0.068775
MN,27125,,2025-01-01,0.068826
MN,27125,,2025-04-01,0.068815
MN,27125,,2025-07-01,0.068814
MN,27125,,2026-01-01,0.068822
MN,27125,,2026-04-01,0.068828
MN,27125,,2026-07-01,0.069690
MN,27125,,2026-10-01,0.069710
MN,27127,,2022-01-01,0.073750
MN,27129,,2022-01-01,0.068754
MN,27129,,2023-01-01,0.073750
MN,27131,,2022-01-01,0.073750
MN,27133,,2022-01-01,0.068754
MN,27133,,2024-01-01,0.068763
MN,27133,,2024-04-01,0.068829
MN,27133,,2024-07-01,0.068775
MN,27133,,2025-01-01,0.068826
MN,27133,,2025-04-01,0.068815
MN,27133,,2025-07-01,0.068814
MN,27133,,2026-01-01,0.068822
MN,27133,,2026-04-01,0.068828
MN,27133,,2026-07-01,0.069690
MN,27133,,2026-10-01,0.069710
MN,27135,,2022-01-01,0.073750
MN,27137,,2022-01-01,0.073750
MN,27137,,2024-04-01,0.073777
MN,27137,,2024-07-01,0.073750
MN,27137,17000,2022-01-01,0.088750
MN,27137,28682,2022-01-01,0.083750
MN,27137,28682,2023-04-01,0.088750
MN,27137,28790,2022-01-01,0.073750
MN,27137,28790,2024-04-01,0.073777
MN,27137,28790,2024-07-01,0.073750
MN,27137,28790,2025-04-01,0.078750
MN,27137,52630,2022-01-01,0.083750
MN,27137,52630,2025-07-01,0.088750
MN,27137,67288,2022-01-01,0.083750
MN,27139,,2022-01-01,0.073750
MN,27139,,2023-10-01,0.083750
MN,27141,,2022-01-01,0.074282
MN,27141,,2022-04-01,0.074253
MN,27141,,2022-10-01,0.074251
MN,27141,,2023-01-01,0.074250
MN,27141,,2023-07-01,0.074249
MN,27141,,2024-04-01,0.074247
MN,27141,,2024-07-01,0.074245
MN,27141,,2024-10-01,0.074256
MN,27141,,2025-01-01,0.074255
MN,27141,,2025-04-01,0.074254
MN,27141,,2026-01-01,0.074253
MN,27141,,2026-07-01,0.074276
MN,27141,18674,2022-01-01,0.078750
MN,27143,,2022-01-01,0.068754
MN,27143,,2024-01-01,0.068763
MN,27143,,2024-04-01,0.068829
MN,27143,,2024-07-01,0.068775
MN,27143,,2025-01-01,0.068826
MN,27143,,2025-04-01,0.068815
MN,27143,,2025-07-01,0.068814
MN,27143,,2026-01-01,0.073750
MN,27143,28394,2022-01-01,0.068754
MN,27143,28394,2024-01-01,0.068763
MN,27143,28394,2024-04-01,0.068829
MN,27143,28394,2024-07-01,0.068775
MN,27143,28394,2025-01-01,0.068826
MN,27143,28394,2025-04-01,0.073750
MN,27143,28394,2026-01-01,0.078750
MN,27145,,2022-01-01,0.072762
MN,27145,,2022-04-01,0.072761
MN,27145,,2022-07-01,0.072765
MN,27145,,2023-01-01,0.072764
MN,27145,,2023-04-01,0.072768
MN,27145,,2023-07-01,0.072773
MN,27145,,2023-10-01,0.072775
MN,27145,,2024-04-01,0.072764
MN,27145,,2024-07-01,0.072755
MN,27145,,2024-10-01,0.072760
MN,27145,,2025-01-01,0.072777
MN,27145,,2025-04-01,0.076523
MN,27145,,2025-07-01,0.076522
MN,27145,,2026-01-01,0.076541
MN,27145,,2026-07-01,0.076544
MN,27145,03070,2022-01-01,0.076250
MN,27145,03070,2025-04-01,0.080000
MN,27145,11800,2022-01-01,0.072762
MN,27145,11800,2022-04-01,0.076250
MN,27145,11800,2023-07-01,0.072773
MN,27145,11800,2023-10-01,0.072775
MN,27145,11800,2024-04-01,0.072764
MN,27145,11800,2024-07-01,0.072755
MN,27145,11800,2024-10-01,0.072760
MN,27145,11800,2025-01-01,0.072777
MN,27145,11800,2025-04-01,0.076523
MN,27145,11800,2025-07-01,0.076522
MN,27145,11800,2026-01-01,0.076541
MN,27145,11800,2026-07-01,0.076544
MN,27145,58648,2022-01-01,0.076250
MN,27145,58648,2025-04-01,0.080000
MN,27145,67612,2022-01-01,0.072762
MN,27145,67612,2022-04-01,0.072761
MN,27145,67612,2022-07-01,0.072765
MN,27145,67612,2023-01-01,0.072764
MN,27145,67612,2023-04-01,0.081250
MN,27145,67612,2025-04-01,0.085000
MN,27147,,2022-01-01,0.073750
MN,27147,41426,2022-01-01,0.078750
MN,27149,,2022-01-01,0.068754
MN,27149,,2024-01-01,0.068763
MN,27149,,2024-04-01,0.068829
MN,27149,,2024-07-01,0.068775
MN,27149,,2025-01-01,0.068826
MN,27149,,2025-04-01,0.068815
MN,27149,,2025-07-01,0.068814
MN,27149,,2026-01-01,0.068822
MN,27149,,2026-04-01,0.068828
MN,27149,,2026-07-01,0.069690
MN,27149,,2026-10-01,0.069710
MN,27151,,2022-01-01,0.068754
MN,27151,,2024-01-01,0.068763
MN,27151,,2024-04-01,0.068829
MN,27151,,2024-07-01,0.068775
MN,27151,,2025-01-01,0.068826
MN,27151,,2025-04-01,0.068815
MN,27151,,2025-07-01,0.068814
MN,27151,,2026-01-01,0.068822
MN,27151,,2026-04-01,0.068828
MN,27151,,2026-07-01,0.069690
MN,27151,,2026-10-01,0.069710
MN,27153,,2022-01-01,0.073750
MN,27153,62446,2022-01-01,0.073750
MN,27153,62446,2023-04-01,0.078750
MN,27155,,2022-01-01,0.068754
MN,27155,,2024-01-01,0.068763
MN,27155,,2024-04-01,0.068829
MN,27155,,2024-07-01,0.068775
MN,27155,,2025-01-01,0.068826
MN,27155,,2025-04-01,0.068815
MN,27155,,2025-07-01,0.068814
MN,27155,,2026-01-01,0.068822
MN,27155,,2026-04-01,0.068828
MN,27155,,2026-07-01,0.069690
MN,27155,,2026-10-01,0.069710
MN,27157,,2022-01-01,0.073750
MN,27159,,2022-01-01,0.073750
MN,27159,62446,2022-01-01,0.073750
MN,27159,62446,2023-04-01,0.078750
MN,27161,,2022-01-01,0.073750
MN,27163,,2022-01-01,0.073750
MN,27163,,2023-10-01,0.083750
MN,27163,47680,2022-01-01,0.073750
MN,27163,47680,2023-04-01,0.078750
MN,27163,47680,2023-10-01,0.088750
MN,27163,62824,2022-01-01,0.073750
MN,27163,62824,2023-10-01,0.083750
MN,27163,62824,2025-04-01,0.088750
MN,27163,71428,2022-01-01,0.073750
MN,27163,71428,2023-10-01,0.083750
MN,27163,71428,2025-04-01,0.088750
MN,27165,,2022-01-01,0.068754
MN,27165,,2024-01-01,0.068763
MN,27165,,2024-04-01,0.068829
MN,27165,,2024-07-01,0.068775
MN,27165,,2025-01-01,0.073750
MN,27167,,2022-01-01,0.068754
MN,27167,,2024-01-01,0.068763
MN,27167,,2024-04-01,0.068829
MN,27167,,2024-07-01,0.068775
MN,27167,,2025-01-01,0.068826
MN,27167,,2025-04-01,0.068815
MN,27167,,2025-07-01,0.068814
MN,27167,,2026-01-01,0.068822
MN,27167,,2026-04-01,0.068828
MN,27167,,2026-07-01,0.069690
MN,27167,,2026-10-01,0.069710
MN,27169,,2022-01-01,0.073750
MN,27169,,2025-04-01,0.076250
MN,27171,,2022-01-01,0.073750
MN,27171,,2023-10-01,0.073911
MN,27171,,2024-01-01,0.073750
MN,27171,11800,2022-01-01,0.078750
MN,27171,43774,2022-01-01,0.073750
MN,27171,43774,2023-10-01,0.073911
MN,27171,43774,2024-01-01,0.073750
MN,27171,43774,2025-04-01,0.078750
MN,27173,,2022-01-01,0.068754
MN,27173,,2024-01-01,0.068763
MN,27173,,2024-04-01,0.068829
MN,27173,,2024-07-01,0.068775
MN,27173,,2025-01-01,0.068826
MN,27173,,2025-04-01,0.068815
MN,27173,,2025-07-01,0.068814
MN,27173,,2026-01-01,0.068822
MN,27173,,2026-04-01,0.068828
MN,27173,,2026-07-01,0.069690
MN,27173,,2026-10-01,0.069710
NE,31001,,2022-01-01,0.055000
NE,31001,21415,2022-01-01,0.070000
NE,31001,24950,2022-01-01,0.070000
NE,31001,25160,2022-01-01,0.055000
NE,31001,25160,2024-10-01,0.070000
NE,31003,,2022-01-01,0.055000
NE,31003,09445,2022-01-01,0.070000
NE,31003,14730,2022-01-01,0.065000
NE,31003,33775,2022-01-01,0.065000
NE,31003,37210,2022-01-01,0.070000
NE,31003,48935,2022-01-01,0.070000
NE,31005,,2022-01-01,0.055000
NE,31007,,2022-01-01,0.055000
NE,31009,,2022-01-01,0.055000
NE,31009,20680,2022-01-01,0.055000
NE,31009,20680,2023-04-01,0.060000
NE,31011,,2022-01-01,0.055000
NE,31011,00555,2022-01-01,0.070000
NE,31011,08220,2022-01-01,0.065000
NE,31011,38995,2022-01-01,0.065000
NE,31011,43055,2022-01-01,0.070000
NE,31013,,2022-01-01,0.055000
NE,31013,00905,2022-01-01,0.070000
NE,31013,22045,2022-01-01,0.070000
NE,31015,,2022-01-01,0.055000
NE,31015,46275,2022-01-01,0.065000
NE,31017,,2022-01-01,0.055000
NE,31017,00415,2022-01-01,0.070000
NE,31019,,2022-01-01,0.055000
NE,31019,15360,2022-01-01,0.065000
NE,31019,15360,2026-04-01,0.070000
NE,31019,18615,2022-01-01,0.070000
NE,31019,25055,2022-01-01,0.070000
NE,31019,39450,2022-01-01,0.065000
NE,31019,40710,2022-01-01,0.070000
NE,31021,,2022-01-01,0.055000
NE,31021,12525,2022-01-01,0.075000
NE,31021,29855,2022-01-01,0.070000
NE,31021,29855,2024-10-01,0.075000
NE,31021,35490,2022-01-01,0.070000
NE,31021,48515,2022-01-01,0.075000
NE,31023,,2022-01-01,0.055000
NE,31023,04020,2022-01-01,0.070000
NE,31023,06120,2022-01-01,0.065000
NE,31023,12315,2022-01-01,0.075000
NE,31023,28245,2022-01-01,0.065000
NE,31023,41480,2022-01-01,0.065000
NE,31025,,2022-01-01,0.055000
NE,31025,14100,2022-01-01,0.065000
NE,31025,15430,2022-01-01,0.070000
NE,31025,20190,2022-01-01,0.065000
NE,31025,29260,2022-01-01,0.070000
NE,31025,30415,2022-01-01,0.060000
NE,31025,33425,2022-01-01,0.065000
NE,31025,33740,2022-01-01,0.065000
NE,31025,39345,2022-01-01,0.070000
NE,31025,52015,2022-01-01,0.070000
NE,31027,,2022-01-01,0.055000
NE,31027,09865,2022-01-01,0.065000
NE,31027,17110,2022-01-01,0.065000
NE,31027,21275,2022-01-01,0.070000
NE,31027,26350,2022-01-01,0.065000
NE,31027,40675,2022-01-01,0.070000
NE,31027,53905,2022-01-01,0.055000
NE,31027,53905,2023-04-01,0.070000
NE,31029,,2022-01-01,0.055000
NE,31029,23690,2022-01-01,0.065000
NE,31029,51700,2022-01-01,0.065000
NE,31031,,2022-01-01,0.055000
NE,31031,49950,2022-01-01,0.070000
NE,31033,,2022-01-01,0.055000
NE,31033,45295,2022-01-01,0.075000
NE,31035,,2022-01-01,0.055000
NE,31035,09375,2022-01-01,0.070000
NE,31035,12945,2022-01-01,0.065000
NE,31035,14450,2022-01-01,0.065000
NE,31035,14450,2026-07-01,0.070000
NE,31035,16445,2022-01-01,0.070000
NE,31035,21345,2022-01-01,0.065000
NE,31035,47955,2022-01-01,0.070000
NE,31037,,2022-01-01,0.055000
NE,31037,09200,2022-01-01,0.070000
NE,31037,23340,2022-01-01,0.070000
NE,31037,26560,2022-01-01,0.070000
NE,31037,44035,2022-01-01,0.070000
NE,31039,,2022-01-01,0.055000
NE,31039,03005,2022-01-01,0.070000
NE,31039,03635,2022-01-01,0.070000
NE,31039,52575,2022-01-01,0.070000
NE,31039,52575,2022-10-01,0.075000
NE,31039,53450,2022-01-01,0.075000
NE,31041,,2022-01-01,0.055000
NE,31041,01535,2022-01-01,0.065000
NE,31041,02095,2022-01-01,0.065000
NE,31041,06610,2022-01-01,0.070000
NE,31041,07660,2022-01-01,0.065000
NE,31041,35665,2022-01-01,0.065000
NE,31041,43685,2022-01-01,0.075000
NE,31043,,2022-01-01,0.060000
NE,31043,12000,2022-01-01,0.065000
NE,31043,15710,2022-01-01,0.055000
NE,31043,15710,2023-04-01,0.070000
NE,31043,23375,2022-01-01,0.070000
NE,31043,24355,2022-01-01,0.070000
NE,31043,46030,2022-01-01,0.070000
NE,31045,,2022-01-01,0.055000
NE,31045,08605,2022-01-01,0.075000
NE,31045,11195,2022-01-01,0.070000
NE,31047,,2022-01-01,0.055000
NE,31047,11020,2022-01-01,0.070000
NE,31047,16725,2022-01-01,0.065000
NE,31047,19385,2022-01-01,0.070000
NE,31047,26910,2022-01-01,0.070000
NE,31049,,2022-01-01,0.055000
NE,31049,04895,2022-01-01,0.065000
NE,31049,08885,2022-01-01,0.075000
NE,31051,,2022-01-01,0.055000
NE,31051,15710,2022-01-01,0.055000
NE,31051,15710,2023-04-01,0.070000
NE,31051,39695,2022-01-01,0.070000
NE,31051,51070,2022-01-01,0.065000
NE,31053,,2022-01-01,0.055000
NE,31053,13295,2022-01-01,0.070000
NE,31053,17670,2022-01-01,0.070000
NE,31053,23025,2022-01-01,0.065000
NE,31053,34720,2022-01-01,0.070000
NE,31053,44280,2022-01-01,0.070000
NE,31053,49425,2022-01-01,0.065000
NE,31055,,2022-01-01,0.055000
NE,31055,04405,2022-01-01,0.070000
NE,31055,37000,2022-01-01,0.070000
NE,31055,40605,2022-01-01,0.070000
NE,31055,50020,2022-01-01,0.070000
NE,31055,51665,2022-01-01,0.075000
NE,31057,,2022-01-01,0.055000
NE,31057,04230,2022-01-01,0.070000
NE,31059,,2022-01-01,0.055000
NE,31059,16340,2022-01-01,0.070000
NE,31059,18405,2022-01-01,0.075000
NE,31059,19455,2022-01-01,0.055000
NE,31059,19455,2024-10-01,0.070000
NE,31059,32200,2022-01-01,0.070000
NE,31059,45085,2022-01-01,0.055000
NE,31059,45085,2025-04-01,0.065000
NE,31061,,2022-01-01,0.055000
NE,31061,17530,2022-01-01,0.065000
NE,31061,22430,2022-01-01,0.065000
NE,31061,49880,2022-01-01,0.070000
NE,31063,,2022-01-01,0.055000
NE,31063,11825,2022-01-01,0.065000
NE,31063,11825,2025-04-01,0.070000
NE,31063,16165,2022-01-01,0.065000
NE,31063,16165,2025-04-01,0.070000
NE,31063,31325,2022-01-01,0.070000
NE,31065,,2022-01-01,0.055000
NE,31065,01780,2022-01-01,0.065000
NE,31065,01780,2022-04-01,0.070000
NE,31065,03495,2022-01-01,0.065000
NE,31065,07730,2022-01-01,0.075000
NE,31065,14520,2022-01-01,0.065000
NE,31065,37910,2022-01-01,0.070000
NE,31067,,2022-01-01,0.055000
NE,31067,00240,2022-01-01,0.055000
NE,31067,00240,2024-10-01,0.065000
NE,31067,03390,2022-01-01,0.075000
NE,31067,09270,2022-01-01,0.060000
NE,31067,10635,2022-01-01,0.065000
NE,31067,16830,2022-01-01,0.055000
NE,31067,16830,2026-01-01,0.065000
NE,31067,35735,2022-01-01,0.065000
NE,31067,53835,2022-01-01,0.070000
NE,31069,,2022-01-01,0.055000
NE,31069,26805,2022-01-01,0.065000
NE,31069,37560,2022-01-01,0.075000
NE,31071,,2022-01-01,0.055000
NE,31071,07345,2022-01-01,0.070000
NE,31073,,2022-01-01,0.055000
NE,31073,15570,2022-01-01,0.065000
NE,31075,,2022-01-01,0.055000
NE,31075,23655,2022-01-01,0.065000
NE,31077,,2022-01-01,0.055000
NE,31077,20050,2022-01-01,0.070000
NE,31077,46135,2022-01-01,0.070000
NE,31079,,2022-01-01,0.055000
NE,31079,07625,2022-01-01,0.065000
NE,31079,13365,2022-01-01,0.065000
NE,31079,19595,2022-01-01,0.075000
NE,31079,53660,2022-01-01,0.070000
NE,31081,,2022-01-01,0.055000
NE,31081,30730,2022-01-01,0.070000
NE,31083,,2022-01-01,0.055000
NE,31083,00975,2022-01-01,0.075000
NE,31083,37910,2022-01-01,0.070000
NE,31083,41130,2022-01-01,0.065000
NE,31085,,2022-01-01,0.055000
NE,31087,,2022-01-01,0.055000
NE,31087,49145,2022-01-01,0.055000
NE,31087,49145,2023-07-01,0.070000
NE,31089,,2022-01-01,0.055000
NE,31089,02550,2022-01-01,0.070000
NE,31089,08675,2022-01-01,0.065000
NE,31089,16270,2022-01-01,0.060000
NE,31089,16270,2023-04-01,0.070000
NE,31089,37105,2022-01-01,0.070000
NE,31089,47500,2022-01-01,0.070000
NE,31091,,2022-01-01,0.055000
NE,31091,33250,2022-01-01,0.065000
NE,31091,33250,2024-10-01,0.070000
NE,31091,33250,2025-04-01,0.075000
NE,31093,,2022-01-01,0.055000
NE,31093,12140,2022-01-01,0.065000
NE,31093,43265,2022-01-01,0.065000
NE,31093,43265,2023-04-01,0.070000
NE,31095,,2022-01-01,0.055000
NE,31095,12455,2022-01-01,0.065000
NE,31095,13085,2022-01-01,0.065000
NE,31095,16410,2022-01-01,0.075000
NE,31095,24530,2022-01-01,0.065000
NE,31095,39590,2022-01-01,0.070000
NE,31097,,2022-01-01,0.055000
NE,31097,47150,2022-01-01,0.065000
NE,31097,48480,2022-01-01,0.070000
NE,31099,,2022-01-01,0.055000
NE,31099,32340,2022-01-01,0.075000
NE,31101,,2022-01-01,0.055000
NE,31101,35980,2022-01-01,0.070000
NE,31101,38610,2022-01-01,0.075000
NE,31103,,2022-01-01,0.055000
NE,31103,46625,2022-01-01,0.065000
NE,31105,,2022-01-01,0.055000
NE,31105,25475,2022-01-01,0.070000
NE,31105,25475,2024-01-01,0.065000
NE,31107,,2022-01-01,0.055000
NE,31107,05455,2022-01-01,0.065000
NE,31107,11230,2022-01-01,0.065000
NE,31107,11440,2022-01-01,0.065000
NE,31107,11440,2024-04-01,0.070000
NE,31107,34370,2022-01-01,0.065000
NE,31107,50370,2022-01-01,0.070000
NE,31107,51735,2022-01-01,0.065000
NE,31109,,2022-01-01,0.055000
NE,31109,04300,2022-01-01,0.065000
NE,31109,12280,2022-01-01,0.070000
NE,31109,20610,2022-01-01,0.055000
NE,31109,20610,2023-04-01,0.065000
NE,31109,22325,2022-01-01,0.070000
NE,31109,28000,2022-01-01,0.072500
NE,31109,30345,2022-01-01,0.065000
NE,31109,41830,2022-01-01,0.070000
NE,31109,51770,2022-01-01,0.070000
NE,31111,,2022-01-01,0.055000
NE,31111,35000,2022-01-01,0.070000
NE,31111,35000,2023-04-01,0.075000
NE,31111,47920,2022-01-01,0.055000
NE,31111,47920,2023-01-01,0.070000
NE,31113,,2022-01-01,0.055000
NE,31115,,2022-01-01,0.055000
NE,31117,,2022-01-01,0.055000
NE,31119,,2022-01-01,0.055000
NE,31119,03250,2022-01-01,0.070000
NE,31119,30240,2022-01-01,0.070000
NE,31119,31465,2022-01-01,0.070000
NE,31119,34230,2022-01-01,0.070000
NE,31119,34615,2022-01-01,0.070000
NE,31119,34615,2025-04-01,0.075000
NE,31119,48935,2022-01-01,0.070000
NE,31121,,2022-01-01,0.055000
NE,31121,08535,2022-01-01,0.070000
NE,31121,09165,2022-01-01,0.070000
NE,31121,38160,2022-01-01,0.070000
NE,31121,45400,2022-01-01,0.065000
NE,31123,,2022-01-01,0.055000
NE,31123,03285,2022-01-01,0.065000
NE,31123,06295,2022-01-01,0.065000
NE,31125,,2022-01-01,0.055000
NE,31125,17810,2022-01-01,0.075000
NE,31125,18475,2022-01-01,0.070000
NE,31125,18475,2023-04-01,0.075000
NE,31127,,2022-01-01,0.055000
NE,31127,02655,2022-01-01,0.065000
NE,31127,06750,2022-01-01,0.065000
NE,31127,38960,2022-01-01,0.065000
NE,31129,,2022-01-01,0.055000
NE,31129,26420,2022-01-01,0.065000
NE,31129,33880,2022-01-01,0.065000
NE,31129,33880,2024-10-01,0.070000
NE,31129,47815,2022-01-01,0.070000
NE,31131,,2022-01-01,0.055000
NE,31131,13505,2022-01-01,0.070000
NE,31131,33705,2022-01-01,0.075000
NE,31131,33705,2023-10-01,0.070000
NE,31131,38190,2022-01-01,0.065000
NE,31131,48235,2022-01-01,0.065000
NE,31131,49530,2022-01-01,0.070000
NE,31133,,2022-01-01,0.055000
NE,31133,38575,2022-01-01,0.075000
NE,31135,,2022-01-01,0.055000
NE,31135,19910,2022-01-01,0.065000
NE,31137,,2022-01-01,0.055000
NE,31137,04615,2022-01-01,0.070000
NE,31137,22640,2022-01-01,0.070000
NE,31137,29085,2022-01-01,0.065000
NE,31139,,2022-01-01,0.055000
NE,31139,37595,2022-01-01,0.070000
NE,31139,39100,2022-01-01,0.065000
NE,31139,39170,2022-01-01,0.070000
NE,31139,40675,2022-01-01,0.070000
NE,31141,,2022-01-01,0.055000
NE,31141,10110,2022-01-01,0.070000
NE,31141,13890,2022-01-01,0.070000
NE,31141,23480,2022-01-01,0.075000
NE,31141,28105,2022-01-01,0.055000
NE,31141,28105,2025-10-01,0.070000
NE,31141,32585,2022-01-01,0.070000
NE,31141,34230,2022-01-01,0.070000
NE,31141,39310,2022-01-01,0.070000
NE,31143,,2022-01-01,0.055000
NE,31143,37525,2022-01-01,0.070000
NE,31143,44595,2022-01-01,0.070000
NE,31143,47465,2022-01-01,0.070000
NE,31145,,2022-01-01,0.055000
NE,31145,29925,2022-01-01,0.070000
NE,31145,29925,2023-04-01,0.075000
NE,31147,,2022-01-01,0.055000
NE,31147,16655,2022-01-01,0.070000
NE,31147,16655,2022-10-01,0.075000
NE,31147,23445,2022-01-01,0.055000
NE,31147,23445,2022-10-01,0.070000
NE,31147,42670,2022-01-01,0.055000
NE,31147,42670,2025-04-01,0.065000
NE,31149,,2022-01-01,0.055000
NE,31149,03215,2022-01-01,0.070000
NE,31151,,2022-01-01,0.055000
NE,31151,11370,2022-01-01,0.075000
NE,31151,13015,2022-01-01,0.065000
NE,31151,13435,2022-01-01,0.070000
NE,31151,17775,2022-01-01,0.070000
NE,31151,17775,2025-04-01,0.075000
NE,31151,52960,2022-01-01,0.070000
NE,31151,52960,2025-07-01,0.065000
NE,31151,52960,2026-04-01,0.070000
NE,31153,,2022-01-01,0.055000
NE,31153,03950,2022-01-01,0.070000
NE,31153,20260,2022-01-01,0.075000
NE,31153,26385,2022-01-01,0.075000
NE,31153,38295,2022-01-01,0.075000
NE,31153,46520,2022-01-01,0.070000
NE,31155,,2022-01-01,0.055000
NE,31155,02305,2022-01-01,0.070000
NE,31155,08570,2022-01-01,0.070000
NE,31155,50965,2022-01-01,0.075000
NE,31157,,2022-01-01,0.055000
NE,31157,18580,2022-01-01,0.070000
NE,31157,18580,2022-10-01,0.075000
NE,31157,32305,2022-01-01,0.055000
NE,31157,32305,2025-01-01,0.065000
NE,31157,32410,2022-01-01,0.070000
NE,31157,32830,2022-01-01,0.065000
NE,31157,44245,2022-01-01,0.070000
NE,31157,48585,2022-01-01,0.065000
NE,31159,,2022-01-01,0.055000
NE,31159,03530,2022-01-01,0.065000
NE,31159,10495,2022-01-01,0.065000
NE,31159,32060,2022-01-01,0.065000
NE,31159,44420,2022-01-01,0.070000
NE,31159,44420,2023-01-01,0.075000
NE,31159,49915,2022-01-01,0.070000
NE,31161,,2022-01-01,0.055000
NE,31161,19350,2022-01-01,0.070000
NE,31161,21730,2022-01-01,0.065000
NE,31161,42775,2022-01-01,0.070000
NE,31163,,2022-01-01,0.055000
NE,31163,29470,2022-01-01,0.075000
NE,31165,,2022-01-01,0.055000
NE,31165,21240,2022-01-01,0.070000
NE,31167,,2022-01-01,0.055000
NE,31167,39135,2022-01-01,0.070000
NE,31167,46800,2022-01-01,0.070000
NE,31169,,2022-01-01,0.055000
NE,31169,06820,2022-01-01,0.055000
NE,31169,06820,2022-10-01,0.070000
NE,31169,07555,2022-01-01,0.055000
NE,31169,07555,2023-01-01,0.065000
NE,31169,09095,2022-01-01,0.065000
NE,31169,12840,2022-01-01,0.065000
NE,31169,21905,2022-01-01,0.070000
NE,31169,23410,2022-01-01,0.065000
NE,31171,,2022-01-01,0.055000
NE,31171,20680,2022-01-01,0.055000
NE,31171,20680,2023-04-01,0.060000
NE,31171,48760,2022-01-01,0.055000
NE,31171,48760,2025-04-01,0.065000
NE,31173,,2022-01-01,0.055000
NE,31173,15710,2022-01-01,0.055000
NE,31173,15710,2023-04-01,0.070000
NE,31173,38750,2022-01-01,0.070000
NE,31175,,2022-01-01,0.055000
NE,31175,01850,2022-01-01,0.065000
NE,31175,37280,2022-01-01,0.075000
NE,31175,37280,2023-07-01,0.070000
NE,31177,,2022-01-01,0.055000
NE,31177,01990,2022-01-01,0.070000
NE,31177,05350,2022-01-01,0.070000
NE,31177,17145,2022-01-01,0.070000
NE,31179,,2022-01-01,0.055000
NE,31179,51070,2022-01-01,0.065000
NE,31179,51840,2022-01-01,0.070000
NE,31181,,2022-01-01,0.055000
NE,31181,05560,2022-01-01,0.070000
NE,31181,20365,2022-01-01,0.070000
NE,31181,40920,2022-01-01,0.070000
NE,31183,,2022-01-01,0.055000
NE,31185,,2022-01-01,0.055000
NE,31185,04195,2022-01-01,0.070000
NE,31185,20225,2022-01-01,0.070000
NE,31185,22080,2022-01-01,0.070000
NE,31185,29960,2022-01-01,0.070000
NE,31185,54045,2022-01-01,0.075000
NV,32001,,2022-01-01,0.076000
NV,32003,,2022-01-01,0.083750
NV,32005,,2022-01-01,0.071000
NV,32007,,2022-01-01,0.071000
NV,32009,,2022-01-01,0.068500
NV,32011,,2022-01-01,0.068500
NV,32013,,2022-01-01,0.068500
NV,32015,,2022-01-01,0.071000
NV,32017,,2022-01-01,0.071000
NV,32019,,2022-01-01,0.071000
NV,32021,,2022-01-01,0.068500
NV,32023,,2022-01-01,0.076000
NV,32027,,2022-01-01,0.071000
NV,32029,,2022-01-01,0.076000
NV,32031,,2022-01-01,0.082650
NV,32033,,2022-01-01,0.077250
NV,32510,09700,2022-01-01,0.076000
NY,36001,,2022-01-01,0.080000
NY,36003,,2022-01-01,0.085000
NY,36005,51000,2022-01-01,0.088750
NY,36007,,2022-01-01,0.080000
NY,36009,,2022-01-01,0.080000
NY,36011,,2022-01-01,0.080000
NY,36013,,2022-01-01,0.080000
NY,36015,,2022-01-01,0.080000
NY,36017,,2022-01-01,0.080000
NY,36019,,2022-01-01,0.080000
NY,36021,,2022-01-01,0.080000
NY,36023,,2022-01-01,0.080000
NY,36025,,2022-01-01,0.080000
NY,36027,,2022-01-01,0.081250
NY,36029,,2022-01-01,0.087500
NY,36031,,2022-01-01,0.080000
NY,36033,,2022-01-01,0.080000
NY,36035,,2022-01-01,0.080000
NY,36037,,2022-01-01,0.080000
NY,36039,,2022-01-01,0.080000
NY,36041,,2022-01-01,0.080000
NY,36043,,2022-01-01,0.082500
NY,36045,,2022-01-01,0.080000
NY,36047,51000,2022-01-01,0.088750
NY,36049,,2022-01-01,0.080000
NY,36051,,2022-01-01,0.080000
NY,36053,,2022-01-01,0.080000
NY,36055,,2022-01-01,0.080000
NY,36057,,2022-01-01,0.080000
NY,36059,,2022-01-01,0.086250
NY,36061,51000,2022-01-01,0.088750
NY,36063,,2022-01-01,0.080000
NY,36065,,2022-01-01,0.087500
NY,36067,,2022-01-01,0.080000
NY,36069,,2022-01-01,0.075000
NY,36071,,2022-01-01,0.081250
NY,36073,,2022-01-01,0.080000
NY,36075,,2022-01-01,0.080000
NY,36077,,2022-01-01,0.080000
NY,36079,,2022-01-01,0.083750
NY,36081,51000,2022-01-01,0.088750
NY,36083,,2022-01-01,0.080000
NY,36085,51000,2022-01-01,0.088750
NY,36087,,2022-01-01,0.083750
NY,36089,,2022-01-01,0.080000
NY,36091,,2022-01-01,0.070000
NY,36093,,2022-01-01,0.080000
NY,36095,,2022-01-01,0.080000
NY,36097,,2022-01-01,0.080000
NY,36099,,2022-01-01,0.080000
NY,36101,,2022-01-01,0.080000
NY,36103,,2022-01-01,0.086250
NY,36103,,2025-03-01,0.087500
NY,36105,,2022-01-01,0.080000
NY,36107,,2022-01-01,0.080000
NY,36109,,2022-01-01,0.080000
NY,36111,,2022-01-01,0.080000
NY,36113,,2022-01-01,0.070000
NY,36115,,2022-01-01,0.070000
NY,36117,,2022-01-01,0.080000
NY,36119,,2022-01-01,0.083750
NY,36119,84000,2022-01-01,0.088750
NY,36121,,2022-01-01,0.080000
NY,36123,,2022-01-01,0.080000
NC,37001,,2022-01-01,0.067500
NC,37003,,2022-01-01,0.070000
NC,37005,,2022-01-01,0.067500
NC,37005,,2022-10-01,0.070000
NC,37007,,2022-01-01,0.070000
NC,37009,,2022-01-01,0.070000
NC,37011,,2022-01-01,0.067500
NC,37013,,2022-01-01,0.067500
NC,37015,,2022-01-01,0.070000
NC,37017,,2022-01-01,0.067500
NC,37019,,2022-01-01,0.067500
NC,37021,,2022-01-01,0.070000
NC,37023,,2022-01-01,0.067500
NC,37025,,2022-01-01,0.070000
NC,37027,,2022-01-01,0.067500
NC,37029,,2022-01-01,0.067500
NC,37031,,2022-01-01,0.067500
NC,37033,,2022-01-01,0.067500
NC,37035,,2022-01-01,0.070000
NC,37037,,2022-01-01,0.070000
NC,37039,,2022-01-01,0.070000
NC,37041,,2022-01-01,0.067500
NC,37043,,2022-01-01,0.070000
NC,37045,,2022-01-01,0.067500
NC,37047,,2022-01-01,0.067500
NC,37049,,2022-01-01,0.067500
NC,37051,,2022-01-01,0.070000
NC,37053,,2022-01-01,0.067500
NC,37055,,2022-01-01,0.067500
NC,37057,,2022-01-01,0.070000
NC,37059,,2022-01-01,0.067500
NC,37061,,2022-01-01,0.070000
NC,37063,,2022-01-01,0.075000
NC,37065,,2022-01-01,0.070000
NC,37067,,2022-01-01,0.070000
NC,37069,,2022-01-01,0.067500
NC,37071,,2022-01-01,0.070000
NC,37073,,2022-01-01,0.067500
NC,37075,,2022-01-01,0.070000
NC,37077,,2022-01-01,0.067500
NC,37079,,2022-01-01,0.070000
NC,37081,,2022-01-01,0.067500
NC,37083,,2022-01-01,0.070000
NC,37085,,2022-01-01,0.070000
NC,37087,,2022-01-01,0.070000
NC,37089,,2022-01-01,0.067500
NC,37091,,2022-01-01,0.070000
NC,37093,,2022-01-01,0.067500
NC,37095,,2022-01-01,0.067500
NC,37097,,2022-01-01,0.067500
NC,37099,,2022-01-01,0.070000
NC,37101,,2022-01-01,0.067500
NC,37103,,2022-01-01,0.070000
NC,37105,,2022-01-01,0.070000
NC,37107,,2022-01-01,0.067500
NC,37109,,2022-01-01,0.070000
NC,37111,,2022-01-01,0.067500
NC,37113,,2022-01-01,0.067500
NC,37115,,2022-01-01,0.070000
NC,37117,,2022-01-01,0.070000
NC,37119,,2022-01-01,0.072500
NC,37119,,2026-07-01,0.082500
NC,37121,,2022-01-01,0.067500
NC,37123,,2022-01-01,0.070000
NC,37125,,2022-01-01,0.070000
NC,37127,,2022-01-01,0.067500
NC,37129,,2022-01-01,0.070000
NC,37131,,2022-01-01,0.067500
NC,37133,,2022-01-01,0.070000
NC,37135,,2022-01-01,0.075000
NC,37137,,2022-01-01,0.067500
NC,37139,,2022-01-01,0.070000
NC,37141,,2022-01-01,0.067500
NC,37143,,2022-01-01,0.067500
NC,37145,,2022-01-01,0.067500
NC,37147,,2022-01-01,0.070000
NC,37149,,2022-01-01,0.067500
NC,37151,,2022-01-01,0.070000
NC,37153,,2022-01-01,0.067500
NC,37155,,2022-01-01,0.070000
NC,37157,,2022-01-01,0.070000
NC,37159,,2022-01-01,0.070000
NC,37161,,2022-01-01,0.070000
NC,37163,,2022-01-01,0.070000
NC,37165,,2022-01-01,0.067500
NC,37167,,2022-01-01,0.070000
NC,37169,,2022-01-01,0.067500
NC,37171,,2022-01-01,0.070000
NC,37173,,2022-01-01,0.070000
NC,37175,,2022-01-01,0.067500
NC,37177,,2022-01-01,0.067500
NC,37179,,2022-01-01,0.067500
NC,37181,,2022-01-01,0.067500
NC,37183,,2022-01-01,0.072500
NC,37185,,2022-01-01,0.067500
NC,37187,,2022-01-01,0.067500
NC,37187,,2024-07-01,0.070000
NC,37189,,2022-01-01,0.067500
NC,37191,,2022-01-01,0.067500
NC,37193,,2022-01-01,0.070000
NC,37195,,2022-01-01,0.067500
NC,37197,,2022-01-01,0.067500
NC,37199,,2022-01-01,0.067500
ND,38001,,2022-01-01,0.050000
ND,38001,37700,2022-01-01,0.065000
ND,38001,65900,2022-01-01,0.060000
ND,38003,,2022-01-01,0.050000
ND,38003,81180,2022-01-01,0.075000
ND,38003,86620,2022-01-01,0.070000
ND,38005,,2022-01-01,0.050000
ND,38005,45580,2022-01-01,0.070000
ND,38005,45580,2024-01-01,0.080000
ND,38005,49620,2022-01-01,0.070000
ND,38005,53220,2022-01-01,0.070000
ND,38007,,2022-01-01,0.050000
ND,38007,51900,2022-01-01,0.075000
ND,38009,,2022-01-01,0.050000
ND,38009,08460,2022-01-01,0.070000
ND,38009,44700,2022-01-01,0.050000
ND,38009,44700,2024-01-01,0.060000
ND,38009,85020,2022-01-01,0.070000
ND,38011,,2022-01-01,0.050000
ND,38011,08700,2022-01-01,0.070000
ND,38011,71500,2022-01-01,0.060000
ND,38011,71500,2026-07-01,0.070000
ND,38013,,2022-01-01,0.050000
ND,38013,46540,2022-01-01,0.070000
ND,38013,64140,2022-01-01,0.060000
ND,38015,,2022-01-01,0.055000
ND,38015,,2024-10-01,0.060000
ND,38015,07200,2022-01-01,0.070000
ND,38015,07200,2024-10-01,0.075000
ND,38015,07200,2025-04-01,0.080000
ND,38015,46640,2022-01-01,0.065000
ND,38015,46640,2024-10-01,0.070000
ND,38015,86580,2022-01-01,0.075000
ND,38015,86580,2024-10-01,0.080000
ND,38017,,2022-01-01,0.055000
ND,38017,10420,2022-01-01,0.075000
ND,38017,12700,2022-01-01,0.075000
ND,38017,24260,2022-01-01,0.080000
ND,38017,25700,2022-01-01,0.075000
ND,38017,25700,2025-04-01,0.077500
ND,38017,28720,2022-01-01,0.055000
ND,38017,28720,2023-07-01,0.070000
ND,38017,35940,2022-01-01,0.075000
ND,38017,38900,2022-01-01,0.075000
ND,38017,39460,2022-01-01,0.055000
ND,38017,39460,2024-01-01,0.065000
ND,38017,42780,2022-01-01,0.075000
ND,38017,45980,2022-01-01,0.075000
ND,38017,50580,2022-01-01,0.070000
ND,38017,50580,2024-07-01,0.075000
ND,38017,60480,2022-01-01,0.065000
ND,38017,60500,2022-01-01,0.075000
ND,38017,79340,2022-01-01,0.075000
ND,38017,84780,2022-01-01,0.075000
ND,38017,84780,2023-07-01,0.080000
ND,38019,,2022-01-01,0.050000
ND,38019,44780,2022-01-01,0.070000
ND,38019,44780,2025-07-01,0.080000
ND,38019,55020,2022-01-01,0.060000
ND,38021,,2022-01-01,0.050000
ND,38021,23220,2022-01-01,0.070000
ND,38021,58740,2022-01-01,0.070000
ND,38023,,2022-01-01,0.050000
ND,38023,16940,2022-01-01,0.080000
ND,38025,,2022-01-01,0.050000
ND,38025,34340,2022-01-01,0.060000
ND,38025,42700,2022-01-01,0.070000
ND,38027,,2022-01-01,0.050000
ND,38027,56620,2022-01-01,0.075000
ND,38029,,2022-01-01,0.050000
ND,38029,36700,2022-01-01,0.070000
ND,38029,46980,2022-01-01,0.070000
ND,38029,76500,2022-01-01,0.070000
ND,38031,,2022-01-01,0.050000
ND,38031,12340,2022-01-01,0.070000
ND,38033,,2022-01-01,0.050000
ND,38033,05420,2022-01-01,0.060000
ND,38033,05420,2023-01-01,0.070000
ND,38035,,2022-01-01,0.050000
ND,38035,32060,2022-01-01,0.072500
ND,38035,45020,2022-01-01,0.070000
ND,38035,58300,2022-01-01,0.075000
ND,38035,58300,2023-01-01,0.080000
ND,38035,78660,2022-01-01,0.070000
ND,38037,,2022-01-01,0.050000
ND,38037,12460,2022-01-01,0.060000
ND,38037,23020,2022-01-01,0.060000
ND,38037,56420,2022-01-01,0.060000
ND,38037,56420,2023-01-01,0.070000
ND,38039,,2022-01-01,0.050000
ND,38039,07020,2022-01-01,0.070000
ND,38039,15900,2022-01-01,0.065000
ND,38039,35020,2022-01-01,0.060000
ND,38041,,2022-01-01,0.055000
ND,38041,54620,2022-01-01,0.075000
ND,38041,56180,2022-01-01,0.075000
ND,38041,66020,2022-01-01,0.075000
ND,38043,,2022-01-01,0.050000
ND,38043,75780,2022-01-01,0.070000
ND,38043,75780,2022-07-01,0.075000
ND,38045,,2022-01-01,0.050000
ND,38045,22140,2022-01-01,0.080000
ND,38045,43580,2022-01-01,0.070000
ND,38045,44540,2022-01-01,0.070000
ND,38045,44540,2025-04-01,0.080000
ND,38047,,2022-01-01,0.050000
ND,38047,28380,2022-01-01,0.070000
ND,38047,28860,2022-01-01,0.060000
ND,38047,55420,2022-01-01,0.070000
ND,38049,,2022-01-01,0.050000
ND,38049,02220,2022-01-01,0.060000
ND,38049,20300,2022-01-01,0.070000
ND,38049,32660,2022-01-01,0.070000
ND,38049,79420,2022-01-01,0.070000
ND,38049,81620,2022-01-01,0.070000
ND,38051,,2022-01-01,0.050000
ND,38051,03540,2022-01-01,0.060000
ND,38051,03540,2025-01-01,0.070000
ND,38051,87020,2022-01-01,0.065000
ND,38051,87020,2023-01-01,0.070000
ND,38053,,2022-01-01,0.050000
ND,38053,01180,2022-01-01,0.070000
ND,38053,83860,2022-01-01,0.065000
ND,38055,,2022-01-01,0.050000
ND,38055,29460,2022-01-01,0.070000
ND,38055,51380,2022-01-01,0.060000
ND,38055,51380,2023-04-01,0.075000
ND,38055,79940,2022-01-01,0.070000
ND,38055,79940,2025-01-01,0.080000
ND,38055,80660,2022-01-01,0.070000
ND,38055,83700,2022-01-01,0.070000
ND,38055,86580,2022-01-01,0.070000
ND,38057,,2022-01-01,0.050000
ND,38057,06660,2022-01-01,0.070000
ND,38057,36780,2022-01-01,0.065000
ND,38059,,2022-01-01,0.055000
ND,38059,,2025-04-01,0.060000
ND,38059,30860,2022-01-01,0.065000
ND,38059,30860,2025-04-01,0.070000
ND,38059,49900,2022-01-01,0.072500
ND,38059,49900,2025-01-01,0.077500
ND,38059,49900,2025-04-01,0.082500
ND,38059,56700,2022-01-01,0.075000
ND,38059,56700,2025-04-01,0.080000
ND,38061,,2022-01-01,0.050000
ND,38061,56740,2022-01-01,0.060000
ND,38061,56740,2023-01-01,0.070000
ND,38061,75380,2022-01-01,0.065000
ND,38063,,2022-01-01,0.050000
ND,38063,02380,2022-01-01,0.060000
ND,38063,44300,2022-01-01,0.060000
ND,38063,49580,2022-01-01,0.070000
ND,38063,52740,2022-01-01,0.070000
ND,38065,,2022-01-01,0.050000
ND,38065,13180,2022-01-01,0.070000
ND,38067,,2022-01-01,0.050000
ND,38067,12940,2022-01-01,0.070000
ND,38067,20340,2022-01-01,0.065000
ND,38067,20340,2026-07-01,0.085000
ND,38067,55620,2022-01-01,0.070000
ND,38067,61580,2022-01-01,0.075000
ND,38067,82980,2022-01-01,0.070000
ND,38069,,2022-01-01,0.050000
ND,38069,68860,2022-01-01,0.070000
ND,38071,,2022-01-01,0.050000
ND,38071,19420,2022-01-01,0.072500
ND,38071,19420,2023-01-01,0.075000
ND,38073,,2022-01-01,0.050000
ND,38073,24260,2022-01-01,0.075000
ND,38073,27580,2022-01-01,0.070000
ND,38073,47100,2022-01-01,0.075000
ND,38075,,2022-01-01,0.050000
ND,38075,30580,2022-01-01,0.070000
ND,38075,53780,2022-01-01,0.070000
ND,38075,72540,2022-01-01,0.050000
ND,38075,72540,2026-01-01,0.070000
ND,38077,,2022-01-01,0.050000
ND,38077,15180,2022-01-01,0.050000
ND,38077,15180,2025-10-01,0.070000
ND,38077,25300,2022-01-01,0.070000
ND,38077,34900,2022-01-01,0.080000
ND,38077,46460,2022-01-01,0.080000
ND,38077,82660,2022-01-01,0.070000
ND,38077,82660,2025-10-01,0.080000
ND,38077,87740,2022-01-01,0.080000
ND,38079,,2022-01-01,0.050000
ND,38079,21020,2022-01-01,0.060000
ND,38079,21020,2025-07-01,0.070000
ND,38079,67780,2022-01-01,0.070000
ND,38079,67820,2022-01-01,0.070000
ND,38079,67820,2024-07-01,0.080000
ND,38079,69980,2022-01-01,0.060000
ND,38081,,2022-01-01,0.050000
ND,38081,27260,2022-01-01,0.065000
ND,38081,27260,2023-10-01,0.075000
ND,38081,34020,2022-01-01,0.070000
ND,38081,52940,2022-01-01,0.075000
ND,38083,,2022-01-01,0.050000
ND,38083,49020,2022-01-01,0.070000
ND,38085,,2022-01-01,0.050000
ND,38087,,2022-01-01,0.050000
ND,38089,,2022-01-01,0.050000
ND,38089,05820,2022-01-01,0.070000
ND,38089,19620,2022-01-01,0.065000
ND,38089,66500,2022-01-01,0.075000
ND,38089,74185,2022-01-01,0.070000
ND,38091,,2022-01-01,0.060000
ND,38091,26420,2022-01-01,0.080000
ND,38091,38860,2022-01-01,0.080000
ND,38093,,2022-01-01,0.050000
ND,38093,40580,2022-01-01,0.075000
ND,38093,51860,2022-01-01,0.060000
ND,38093,76620,2022-01-01,0.060000
ND,38093,87580,2022-01-01,0.060000
ND,38095,,2022-01-01,0.050000
ND,38095,07180,2022-01-01,0.070000
ND,38095,11860,2022-01-01,0.070000
ND,38097,,2022-01-01,0.050000
ND,38097,36100,2022-01-01,0.075000
ND,38097,38100,2022-01-01,0.075000
ND,38097,38100,2025-04-01,0.080000
ND,38097,51500,2022-01-01,0.070000
ND,38097,63900,2022-01-01,0.070000
ND,38099,,2022-01-01,0.052500
ND,38099,,2026-01-01,0.060000
ND,38099,22260,2022-01-01,0.062500
ND,38099,22260,2026-01-01,0.070000
ND,38099,31820,2022-01-01,0.077500
ND,38099,31820,2024-10-01,0.080000
ND,38099,31820,2026-01-01,0.087500
ND,38099,38780,2022-01-01,0.062500
ND,38099,38780,2026-01-01,0.070000
ND,38099,53540,2022-01-01,0.062500
ND,38099,53540,2026-01-01,0.070000
ND,38099,60900,2022-01-01,0.072500
ND,38099,60900,2025-04-01,0.077500
ND,38099,60900,2026-01-01,0.085000
ND,38101,,2022-01-01,0.055000
ND,38101,06460,2022-01-01,0.065000
ND,38101,10940,2022-01-01,0.070000
ND,38101,12260,2022-01-01,0.070000
ND,38101,42020,2022-01-01,0.075000
ND,38101,53380,2022-01-01,0.075000
ND,38101,53380,2026-10-01,0.080000
ND,38101,77180,2022-01-01,0.075000
ND,38101,77180,2026-01-01,0.085000
ND,38103,,2022-01-01,0.050000
ND,38103,26180,2022-01-01,0.070000
ND,38103,35900,2022-01-01,0.070000
ND,38105,,2022-01-01,0.060000
ND,38105,33500,2022-01-01,0.070000
ND,38105,65580,2022-01-01,0.080000
ND,38105,78940,2022-01-01,0.085000
ND,38105,86220,2022-01-01,0.080000
OH,39001,,2022-01-01,0.072500
OH,39003,,2022-01-01,0.068500
OH,39005,,2022-01-01,0.070000
OH,39007,,2022-01-01,0.067500
OH,39009,,2022-01-01,0.072500
OH,39011,,2022-01-01,0.072500
OH,39013,,2022-01-01,0.072500
OH,39015,,2022-01-01,0.072500
OH,39015,,2025-10-01,0.070000
OH,39017,,2022-01-01,0.065000
OH,39019,,2022-01-01,0.067500
OH,39021,,2022-01-01,0.072500
OH,39023,,2022-01-01,0.072500
OH,39025,,2022-01-01,0.067500
OH,39027,,2022-01-01,0.072500
OH,39029,,2022-01-01,0.072500
OH,39031,,2022-01-01,0.072500
OH,39031,,2022-04-01,0.077500
OH,39033,,2022-01-01,0.072500
OH,39035,,2022-01-01,0.080000
OH,39037,,2022-01-01,0.072500
OH,39039,,2022-01-01,0.067500
OH,39041,,2022-01-01,0.070734
OH,39041,,2022-04-01,0.070736
OH,39041,,2022-10-01,0.070731
OH,39041,,2023-04-01,0.070724
OH,39041,,2023-07-01,0.070717
OH,39041,,2023-10-01,0.070715
OH,39041,,2024-04-01,0.070717
OH,39041,,2024-07-01,0.070713
OH,39041,,2025-01-01,0.070703
OH,39041,,2025-04-01,0.071406
OH,39041,,2025-07-01,0.071380
OH,39041,,2026-01-01,0.071398
OH,39041,,2026-10-01,0.071385
OH,39043,,2022-01-01,0.067500
OH,39045,,2022-01-01,0.067768
OH,39045,,2022-10-01,0.067748
OH,39045,,2023-10-01,0.067750
OH,39045,,2024-04-01,0.067752
OH,39045,,2024-07-01,0.067751
OH,39045,,2025-01-01,0.067749
OH,39045,,2025-04-01,0.067998
OH,39045,,2025-07-01,0.067991
OH,39045,,2026-01-01,0.067988
OH,39045,,2026-10-01,0.067980
OH,39047,,2022-01-01,0.072500
OH,39049,,2022-01-01,0.075000
OH,39049,,2025-04-01,0.080000
OH,39051,,2022-01-01,0.072500
OH,39053,,2022-01-01,0.072500
OH,39055,,2022-01-01,0.067500
OH,39057,,2022-01-01,0.067500
OH,39059,,2022-01-01,0.072500
OH,39061,,2022-01-01,0.078000
OH,39063,,2022-01-01,0.067500
OH,39065,,2022-01-01,0.072500
OH,39067,,2022-01-01,0.072500
OH,39069,,2022-01-01,0.072500
OH,39071,,2022-01-01,0.072500
OH,39073,,2022-01-01,0.072500
OH,39075,,2022-01-01,0.070000
OH,39077,,2022-01-01,0.072500
OH,39079,,2022-01-01,0.072500
OH,39081,,2022-01-01,0.072500
OH,39083,,2022-01-01,0.072500
OH,39083,,2023-07-01,0.070000
OH,39083,,2023-10-01,0.072500
OH,39085,,2022-01-01,0.072500
OH,39085,,2024-07-01,0.070000
OH,39085,,2025-07-01,0.072500
OH,39087,,2022-01-01,0.072500
OH,39089,,2022-01-01,0.072677
OH,39089,,2022-10-01,0.072683
OH,39089,,2023-04-01,0.072680
OH,39089,,2023-07-01,0.072679
OH,39089,,2023-10-01,0.072680
OH,39089,,2024-04-01,0.072688
OH,39089,,2025-01-01,0.072685
OH,39089,,2025-04-01,0.072869
OH,39089,,2025-07-01,0.072877
OH,39089,,2026-01-01,0.072884
OH,39089,,2026-10-01,0.072882
OH,39091,,2022-01-01,0.072500
OH,39093,,2022-01-01,0.065000
OH,39095,,2022-01-01,0.072500
OH,39095,,2022-04-01,0.077500
OH,39097,,2022-01-01,0.070000
OH,39099,,2022-01-01,0.072500
OH,39099,,2022-04-01,0.075000
OH,39101,,2022-01-01,0.072500
OH,39103,,2022-01-01,0.067500
OH,39105,,2022-01-01,0.072500
OH,39107,,2022-01-01,0.072500
OH,39109,,2022-01-01,0.070000
OH,39111,,2022-01-01,0.072500
OH,39113,,2022-01-01,0.075000
OH,39115,,2022-01-01,0.072500
OH,39117,,2022-01-01,0.072500
OH,39119,,2022-01-01,0.072500
OH,39121,,2022-01-01,0.072500
OH,39123,,2022-01-01,0.070000
OH,39125,,2022-01-01,0.072500
OH,39127,,2022-01-01,0.072500
OH,39129,,2022-01-01,0.072500
OH,39131,,2022-01-01,0.072500
OH,39133,,2022-01-01,0.070000
OH,39135,,2022-01-01,0.072500
OH,39137,,2022-01-01,0.070000
OH,39139,,2022-01-01,0.070000
OH,39141,,2022-01-01,0.072500
OH,39143,,2022-01-01,0.072500
OH,39145,,2022-01-01,0.072500
OH,39147,,2022-01-01,0.072500
OH,39149,,2022-01-01,0.072500
OH,39151,,2022-01-01,0.065000
OH,39153,,2022-01-01,0.067500
OH,39155,,2022-01-01,0.067500
OH,39157,,2022-01-01,0.067500
OH,39159,,2022-01-01,0.070261
OH,39159,,2022-10-01,0.070256
OH,39159,,2023-04-01,0.070258
OH,39159,,2023-07-01,0.070257
OH,39159,,2023-10-01,0.070260
OH,39159,,2024-04-01,0.070264
OH,39159,,2025-01-01,0.070256
OH,39159,,2025-04-01,0.070513
OH,39159,,2025-07-01,0.070505
OH,39159,,2026-01-01,0.070518
OH,39159,,2026-10-01,0.070500
OH,39161,,2022-01-01,0.072500
OH,39163,,2022-01-01,0.072500
OH,39165,,2022-01-01,0.070000
OH,39165,,2023-01-01,0.067500
OH,39165,,2026-10-01,0.072500
OH,39167,,2022-01-01,0.072500
OH,39169,,2022-01-01,0.065000
OH,39171,,2022-01-01,0.072500
OH,39173,,2022-01-01,0.067500
OH,39173,,2022-04-01,0.067701
OH,39173,,2022-10-01,0.067700
OH,39173,,2023-07-01,0.067706
OH,39173,,2024-07-01,0.067705
OH,39173,,2025-01-01,0.067702
OH,39173,,2025-07-01,0.067699
OH,39173,,2026-01-01,0.067697
OH,39175,,2022-01-01,0.072500
OK,40001,,2022-01-01,0.062500
OK,40001,70350,2022-01-01,0.100000
OK,40001,79100,2022-01-01,0.102500
OK,40001,80450,2022-01-01,0.100000
OK,40003,,2022-01-01,0.065000
OK,40003,01350,2022-01-01,0.095000
OK,40003,10050,2022-01-01,0.075000
OK,40003,10650,2022-01-01,0.085000
OK,40003,12000,2022-01-01,0.095000
OK,40003,12000,2026-07-01,0.100000
OK,40003,13750,2022-01-01,0.097500
OK,40003,29900,2022-01-01,0.095000
OK,40003,33450,2022-01-01,0.095000
OK,40003,38000,2022-01-01,0.095000
OK,40005,,2022-01-01,0.062500
OK,40005,,2023-04-01,0.065000
OK,40005,03300,2022-01-01,0.102500
OK,40005,03300,2023-04-01,0.105000
OK,40005,11550,2022-01-01,0.082500
OK,40005,11550,2023-04-01,0.085000
OK,40005,70850,2022-01-01,0.092500
OK,40005,70850,2023-04-01,0.095000
OK,40005,75250,2022-01-01,0.097500
OK,40005,75250,2023-04-01,0.100000
OK,40007,,2022-01-01,0.065000
OK,40007,04750,2022-01-01,0.095000
OK,40007,26900,2022-01-01,0.095000
OK,40007,28800,2022-01-01,0.085000
OK,40007,40100,2022-01-01,0.085000
OK,40009,,2022-01-01,0.048500
OK,40009,12300,2022-01-01,0.088500
OK,40009,23500,2022-01-01,0.093500
OK,40009,24200,2022-01-01,0.098500
OK,40009,65700,2022-01-01,0.088500
OK,40009,71900,2022-01-01,0.058500
OK,40009,73150,2022-01-01,0.058500
OK,40011,,2022-01-01,0.053750
OK,40011,11600,2022-01-01,0.083750
OK,40011,11600,2024-07-01,0.093750
OK,40011,28900,2022-01-01,0.088750
OK,40011,31250,2022-01-01,0.083750
OK,40011,34850,2022-01-01,0.083750
OK,40011,36700,2022-01-01,0.098750
OK,40011,43950,2022-01-01,0.083750
OK,40011,54150,2022-01-01,0.096250
OK,40011,54150,2025-04-01,0.106250
OK,40011,78950,2022-01-01,0.103750
OK,40011,78950,2023-07-01,0.113750
OK,40013,,2022-01-01,0.050000
OK,40013,00100,2022-01-01,0.080000
OK,40013,05400,2022-01-01,0.090000
OK,40013,07350,2022-01-01,0.090000
OK,40013,10800,2022-01-01,0.080000
OK,40013,10800,2023-07-01,0.090000
OK,40013,10950,2022-01-01,0.090000
OK,40013,16050,2022-01-01,0.090000
OK,40013,22050,2022-01-01,0.093750
OK,40013,39200,2022-01-01,0.080000
OK,40013,47250,2022-01-01,0.070000
OK,40015,,2022-01-01,0.060000
OK,40015,02050,2022-01-01,0.095000
OK,40015,02300,2022-01-01,0.095000
OK,40015,02300,2023-04-01,0.100000
OK,40015,06200,2022-01-01,0.100000
OK,40015,08750,2022-01-01,0.090000
OK,40015,12050,2022-01-01,0.100000
OK,40015,13000,2022-01-01,0.095000
OK,40015,19000,2022-01-01,0.100000
OK,40015,22400,2022-01-01,0.090000
OK,40015,27100,2022-01-01,0.100000
OK,40015,30600,2022-01-01,0.100000
OK,40015,34750,2022-01-01,0.090000
OK,40015,34750,2023-07-01,0.097500
OK,40015,36700,2022-01-01,0.105000
OK,40015,44000,2022-01-01,0.090000
OK,40017,,2022-01-01,0.048500
OK,40017,11050,2022-01-01,0.088500
OK,40017,23700,2022-01-01,0.088500
OK,40017,28900,2022-01-01,0.083500
OK,40017,50100,2022-01-01,0.088500
OK,40017,54050,2022-01-01,0.093500
OK,40017,55000,2022-01-01,0.089750
OK,40017,58700,2022-01-01,0.098500
OK,40017,75950,2022-01-01,0.088500
OK,40017,75950,2025-07-01,0.093500
OK,40017,82950,2022-01-01,0.088500
OK,40019,,2022-01-01,0.053750
OK,40019,02600,2022-01-01,0.091250
OK,40019,20700,2022-01-01,0.093750
OK,40019,28950,2022-01-01,0.083750
OK,40019,33350,2022-01-01,0.093750
OK,40019,43750,2022-01-01,0.093750
OK,40019,61900,2022-01-01,0.088750
OK,40019,69500,2022-01-01,0.073750
OK,40019,72500,2022-01-01,0.103750
OK,40019,81500,2022-01-01,0.093750
OK,40021,,2022-01-01,0.062500
OK,40021,27200,2022-01-01,0.107500
OK,40021,36400,2022-01-01,0.102500
OK,40021,53550,2022-01-01,0.092500
OK,40021,72100,2022-01-01,0.095000
OK,40023,,2022-01-01,0.065000
OK,40023,07750,2022-01-01,0.095000
OK,40023,27400,2022-01-01,0.100000
OK,40023,36300,2022-01-01,0.100000
OK,40023,65650,2022-01-01,0.075000
OK,40023,68500,2022-01-01,0.085000
OK,40025,,2022-01-01,0.065000
OK,40025,07300,2022-01-01,0.095000
OK,40025,39600,2022-01-01,0.085000
OK,40027,,2022-01-01,0.046250
OK,40027,42700,2022-01-01,0.086250
OK,40027,49200,2022-01-01,0.085000
OK,40027,52150,2022-01-01,0.087500
OK,40027,52500,2022-01-01,0.087500
OK,40027,55000,2022-01-01,0.087500
OK,40027,61150,2022-01-01,0.096250
OK,40027,67950,2022-01-01,0.066250
OK,40029,,2022-01-01,0.065000
OK,40029,15800,2022-01-01,0.095000
OK,40029,15800,2026-07-01,0.105000
OK,40029,42200,2022-01-01,0.085000
OK,40029,75050,2022-01-01,0.095000
OK,40031,,2022-01-01,0.048750
OK,40031,10700,2022-01-01,0.086250
OK,40031,13600,2022-01-01,0.078750
OK,40031,23450,2022-01-01,0.088750
OK,40031,25650,2022-01-01,0.068750
OK,40031,26350,2022-01-01,0.088750
OK,40031,29100,2022-01-01,0.078750
OK,40031,36850,2022-01-01,0.088750
OK,40031,41850,2022-01-01,0.090000
OK,40031,47350,2022-01-01,0.090000
OK,40031,70150,2022-01-01,0.078750
OK,40033,,2022-01-01,0.065000
OK,40033,,2025-04-01,0.075000
OK,40033,72750,2022-01-01,0.095000
OK,40033,72750,2025-04-01,0.105000
OK,40033,78150,2022-01-01,0.095000
OK,40033,78150,2025-04-01,0.105000
OK,40035,,2022-01-01,0.065000
OK,40035,05900,2022-01-01,0.090000
OK,40035,06950,2022-01-01,0.085000
OK,40035,39550,2022-01-01,0.095000
OK,40035,41500,2022-01-01,0.095000
OK,40035,77550,2022-01-01,0.095000
OK,40035,79750,2022-01-01,0.095000
OK,40037,,2022-01-01,0.056670
OK,40037,08900,2022-01-01,0.106670
OK,40037,20300,2022-01-01,0.096670
OK,40037,21750,2022-01-01,0.101670
OK,40037,39000,2022-01-01,0.091670
OK,40037,39750,2022-01-01,0.096670
OK,40037,46200,2022-01-01,0.091670
OK,40037,49550,2022-01-01,0.096670
OK,40037,54000,2022-01-01,0.106670
OK,40037,65400,2022-01-01,0.096670
OK,40037,66600,2022-01-01,0.086670
OK,40037,68000,2022-01-01,0.086670
OK,40037,71000,2022-01-01,0.096670
OK,40039,,2022-01-01,0.050000
OK,40039,02500,2022-01-01,0.080000
OK,40039,10450,2022-01-01,0.080000
OK,40039,15400,2022-01-01,0.095000
OK,40039,18950,2022-01-01,0.090000
OK,40039,32250,2022-01-01,0.080000
OK,40039,73450,2022-01-01,0.095000
OK,40039,79450,2022-01-01,0.095000
OK,40041,,2022-01-01,0.059000
OK,40041,,2023-07-01,0.062000
OK,40041,05550,2022-01-01,0.094000
OK,40041,05550,2023-07-01,0.097000
OK,40041,15250,2022-01-01,0.059000
OK,40041,15250,2023-07-01,0.062000
OK,40041,15250,2025-07-01,0.082000
OK,40041,16100,2022-01-01,0.099000
OK,40041,16100,2023-07-01,0.102000
OK,40041,31600,2022-01-01,0.093000
OK,40041,31600,2023-07-01,0.096000
OK,40041,31600,2024-04-01,0.102000
OK,40041,37650,2022-01-01,0.089000
OK,40041,37650,2023-07-01,0.092000
OK,40041,37650,2025-07-01,0.102000
OK,40041,38600,2022-01-01,0.099000
OK,40041,38600,2023-07-01,0.102000
OK,40041,53550,2022-01-01,0.089000
OK,40041,53550,2023-07-01,0.092000
OK,40041,80350,2022-01-01,0.106500
OK,40041,80350,2023-07-01,0.109500
OK,40043,,2022-01-01,0.062500
OK,40043,11150,2022-01-01,0.102500
OK,40043,42050,2022-01-01,0.092500
OK,40043,66250,2022-01-01,0.102500
OK,40043,72350,2022-01-01,0.092500
OK,40043,77300,2022-01-01,0.102500
OK,40045,,2022-01-01,0.065000
OK,40045,02800,2022-01-01,0.095000
OK,40045,02800,2023-01-01,0.105000
OK,40045,25450,2022-01-01,0.095000
OK,40045,28250,2022-01-01,0.095000
OK,40045,66750,2022-01-01,0.105000
OK,40047,,2022-01-01,0.048500
OK,40047,17700,2022-01-01,0.088500
OK,40047,21250,2022-01-01,0.068500
OK,40047,21700,2022-01-01,0.078500
OK,40047,23950,2022-01-01,0.091000
OK,40047,24950,2022-01-01,0.078500
OK,40047,28500,2022-01-01,0.088500
OK,40047,34650,2022-01-01,0.058500
OK,40047,36600,2022-01-01,0.068500
OK,40047,36600,2024-10-01,0.088500
OK,40047,40400,2022-01-01,0.078500
OK,40047,40700,2022-01-01,0.093500
OK,40047,52600,2022-01-01,0.088500
OK,40047,79200,2022-01-01,0.088500
OK,40049,,2022-01-01,0.052500
OK,40049,19450,2022-01-01,0.082500
OK,40049,23600,2022-01-01,0.092500
OK,40049,27500,2022-01-01,0.092500
OK,40049,43150,2022-01-01,0.092500
OK,40049,47150,2022-01-01,0.092500
OK,40049,57100,2022-01-01,0.082500
OK,40049,57550,2022-01-01,0.097500
OK,40049,70800,2022-01-01,0.092500
OK,40049,82400,2022-01-01,0.092500
OK,40049,82400,2024-07-01,0.097500
OK,40051,,2022-01-01,0.052500
OK,40051,01250,2022-01-01,0.082500
OK,40051,01900,2022-01-01,0.092500
OK,40051,06700,2022-01-01,0.092500
OK,40051,06700,2022-07-01,0.102500
OK,40051,08300,2022-01-01,0.082500
OK,40051,13950,2022-01-01,0.090000
OK,40051,13950,2024-01-01,0.095000
OK,40051,48750,2022-01-01,0.092500
OK,40051,52100,2022-01-01,0.082500
OK,40051,52450,2022-01-01,0.062500
OK,40051,59700,2022-01-01,0.067500
OK,40051,64300,2022-01-01,0.097500
OK,40051,75450,2022-01-01,0.097500
OK,40051,77000,2022-01-01,0.090000
OK,40053,,2022-01-01,0.057500
OK,40053,19650,2022-01-01,0.087500
OK,40053,41350,2022-01-01,0.097500
OK,40053,41350,2024-04-01,0.107500
OK,40053,46000,2022-01-01,0.067500
OK,40053,47300,2022-01-01,0.097500
OK,40053,50300,2022-01-01,0.087500
OK,40053,59950,2022-01-01,0.097500
OK,40053,59950,2025-01-01,0.077500
OK,40053,59950,2025-04-01,0.097500
OK,40053,62900,2022-01-01,0.097500
OK,40053,77950,2022-01-01,0.097500
OK,40055,,2022-01-01,0.065000
OK,40055,30950,2022-01-01,0.095000
OK,40055,46050,2022-01-01,0.095000
OK,40055,81300,2022-01-01,0.085000
OK,40057,,2022-01-01,0.075000
OK,40057,,2023-04-01,0.085000
OK,40057,30400,2022-01-01,0.095000
OK,40057,30400,2023-04-01,0.105000
OK,40057,35500,2022-01-01,0.105000
OK,40057,35500,2023-04-01,0.115000
OK,40059,,2022-01-01,0.065000
OK,40059,09850,2022-01-01,0.095000
OK,40059,41700,2022-01-01,0.097500
OK,40059,41700,2026-10-01,0.095000
OK,40059,47000,2022-01-01,0.085000
OK,40061,,2022-01-01,0.065000
OK,40061,39500,2022-01-01,0.100000
OK,40061,39950,2022-01-01,0.090000
OK,40061,44950,2022-01-01,0.100000
OK,40061,70250,2022-01-01,0.100000
OK,40061,72400,2022-01-01,0.095000
OK,40061,80800,2022-01-01,0.095000
OK,40063,,2022-01-01,0.055000
OK,40063,01400,2022-01-01,0.085000
OK,40063,03350,2022-01-01,0.075000
OK,40063,11100,2022-01-01,0.095000
OK,40063,22200,2022-01-01,0.095000
OK,40063,29150,2022-01-01,0.075000
OK,40063,35400,2022-01-01,0.105000
OK,40063,41250,2022-01-01,0.085000
OK,40063,71050,2022-01-01,0.095000
OK,40063,80500,2022-01-01,0.105000
OK,40063,82650,2022-01-01,0.085000
OK,40065,,2022-01-01,0.056250
OK,40065,01700,2022-01-01,0.097500
OK,40065,06650,2022-01-01,0.086250
OK,40065,22550,2022-01-01,0.091250
OK,40065,23350,2022-01-01,0.076250
OK,40065,55450,2022-01-01,0.066250
OK,40065,55450,2026-07-01,0.086250
OK,40067,,2022-01-01,0.065000
OK,40067,00450,2022-01-01,0.085000
OK,40067,17350,2022-01-01,0.085000
OK,40067,33000,2022-01-01,0.095000
OK,40067,63350,2022-01-01,0.090000
OK,40067,64600,2022-01-01,0.095000
OK,40067,72900,2022-01-01,0.095000
OK,40067,79250,2022-01-01,0.095000
OK,40069,,2022-01-01,0.065000
OK,40069,46300,2022-01-01,0.095000
OK,40069,48400,2022-01-01,0.085000
OK,40069,48500,2022-01-01,0.100000
OK,40069,62000,2022-01-01,0.095000
OK,40069,73900,2022-01-01,0.095000
OK,40069,78300,2022-01-01,0.080000
OK,40071,,2022-01-01,0.054170
OK,40071,,2023-04-01,0.057500
OK,40071,06600,2022-01-01,0.104170
OK,40071,06600,2023-04-01,0.107500
OK,40071,08450,2022-01-01,0.094170
OK,40071,08450,2023-04-01,0.097500
OK,40071,38800,2022-01-01,0.099170
OK,40071,38800,2023-04-01,0.102500
OK,40071,51300,2022-01-01,0.084170
OK,40071,51300,2022-07-01,0.094170
OK,40071,51300,2023-04-01,0.097500
OK,40071,59850,2022-01-01,0.092500
OK,40071,59850,2023-04-01,0.095830
OK,40071,74150,2022-01-01,0.099170
OK,40071,74150,2023-04-01,0.102500
OK,40073,,2022-01-01,0.057500
OK,40073,12650,2022-01-01,0.097500
OK,40073,21350,2022-01-01,0.097500
OK,40073,33700,2022-01-01,0.097500
OK,40073,39850,2022-01-01,0.092500
OK,40073,44300,2022-01-01,0.097500
OK,40073,54050,2022-01-01,0.102500
OK,40073,58700,2022-01-01,0.107500
OK,40075,,2022-01-01,0.050000
OK,40075,,2023-10-01,0.060000
OK,40075,,2024-07-01,0.075000
OK,40075,30350,2022-01-01,0.090000
OK,40075,30350,2023-10-01,0.100000
OK,40075,30350,2024-07-01,0.115000
OK,40075,35000,2022-01-01,0.090000
OK,40075,35000,2023-10-01,0.100000
OK,40075,35000,2024-07-01,0.115000
OK,40075,43850,2022-01-01,0.080000
OK,40075,43850,2023-10-01,0.090000
OK,40075,43850,2024-07-01,0.105000
OK,40075,49600,2022-01-01,0.080000
OK,40075,49600,2023-10-01,0.090000
OK,40075,49600,2024-07-01,0.105000
OK,40075,49650,2022-01-01,0.090000
OK,40075,49650,2023-10-01,0.100000
OK,40075,49650,2024-07-01,0.115000
OK,40075,63900,2022-01-01,0.080000
OK,40075,63900,2023-10-01,0.090000
OK,40075,63900,2024-07-01,0.105000
OK,40075,68400,2022-01-01,0.090000
OK,40075,68400,2023-10-01,0.100000
OK,40075,68400,2024-07-01,0.115000
OK,40077,,2022-01-01,0.060000
OK,40077,,2022-10-01,0.062500
OK,40077,,2023-07-01,0.052500
OK,40077,,2024-01-01,0.057500
OK,40077,25400,2022-01-01,0.060000
OK,40077,25400,2022-10-01,0.062500
OK,40077,25400,2023-07-01,0.052500
OK,40077,25400,2024-01-01,0.057500
OK,40077,25400,2024-07-01,0.087500
OK,40077,62550,2022-01-01,0.090000
OK,40077,62550,2022-10-01,0.092500
OK,40077,62550,2023-07-01,0.082500
OK,40077,62550,2024-01-01,0.087500
OK,40077,62550,2026-07-01,0.095000
OK,40077,81000,2022-01-01,0.095000
OK,40077,81000,2022-10-01,0.097500
OK,40077,81000,2023-07-01,0.087500
OK,40077,81000,2024-01-01,0.092500
OK,40079,,2022-01-01,0.065000
OK,40079,,2025-07-01,0.068000
OK,40079,02650,2022-01-01,0.095000
OK,40079,02650,2025-07-01,0.098000
OK,40079,07450,2022-01-01,0.095000
OK,40079,07450,2022-04-01,0.105000
OK,40079,07450,2025-07-01,0.108000
OK,40079,11300,2022-01-01,0.085000
OK,40079,11300,2025-07-01,0.088000
OK,40079,25400,2022-01-01,0.095000
OK,40079,25400,2025-07-01,0.098000
OK,40079,27150,2022-01-01,0.095000
OK,40079,27150,2025-07-01,0.098000
OK,40079,33400,2022-01-01,0.100000
OK,40079,33400,2025-07-01,0.103000
OK,40079,36150,2022-01-01,0.095000
OK,40079,36150,2025-07-01,0.098000
OK,40079,42150,2022-01-01,0.075000
OK,40079,42150,2025-07-01,0.078000
OK,40079,56900,2022-01-01,0.095000
OK,40079,56900,2025-07-01,0.098000
OK,40079,59750,2022-01-01,0.105000
OK,40079,59750,2025-07-01,0.108000
OK,40079,60350,2022-01-01,0.095000
OK,40079,60350,2025-07-01,0.098000
OK,40079,63600,2022-01-01,0.080000
OK,40079,63600,2025-07-01,0.083000
OK,40079,66550,2022-01-01,0.100000
OK,40079,66550,2025-07-01,0.103000
OK,40079,69350,2022-01-01,0.095000
OK,40079,69350,2025-07-01,0.098000
OK,40079,72250,2022-01-01,0.095000
OK,40079,72250,2025-07-01,0.098000
OK,40079,81750,2022-01-01,0.095000
OK,40079,81750,2025-07-01,0.098000
OK,40081,,2022-01-01,0.055000
OK,40081,00700,2022-01-01,0.095000
OK,40081,12100,2022-01-01,0.095000
OK,40081,13500,2022-01-01,0.095000
OK,40081,19350,2022-01-01,0.095000
OK,40081,39150,2022-01-01,0.095000
OK,40081,47450,2022-01-01,0.095000
OK,40081,60500,2022-01-01,0.095000
OK,40081,68950,2022-01-01,0.095000
OK,40081,71000,2022-01-01,0.095000
OK,40081,74550,2022-01-01,0.095000
OK,40081,79900,2022-01-01,0.095000
OK,40081,79900,2026-10-01,0.090000
OK,40083,,2022-01-01,0.052500
OK,40083,12650,2022-01-01,0.092500
OK,40083,12960,2022-01-01,0.055000
OK,40083,14500,2022-01-01,0.072500
OK,40083,17950,2022-01-01,0.082500
OK,40083,18250,2022-01-01,0.082500
OK,40083,31700,2022-01-01,0.090000
OK,40083,41550,2022-01-01,0.092500
OK,40083,46650,2022-01-01,0.092500
OK,40083,47800,2022-01-01,0.072500
OK,40083,49900,2022-01-01,0.082500
OK,40083,56050,2022-01-01,0.092500
OK,40085,,2022-01-01,0.070000
OK,40085,46500,2022-01-01,0.100000
OK,40085,73200,2022-01-01,0.090000
OK,40087,,2022-01-01,0.050000
OK,40087,06700,2022-01-01,0.090000
OK,40087,06700,2022-07-01,0.100000
OK,40087,10550,2022-01-01,0.090000
OK,40087,16200,2022-01-01,0.090000
OK,40087,20650,2022-01-01,0.100000
OK,40087,29850,2022-01-01,0.085000
OK,40087,51150,2022-01-01,0.090000
OK,40087,61150,2022-01-01,0.100000
OK,40087,78700,2022-01-01,0.090000
OK,40087,78700,2025-07-01,0.100000
OK,40087,79300,2022-01-01,0.085000
OK,40089,,2022-01-01,0.062500
OK,40089,09100,2022-01-01,0.092500
OK,40089,09100,2024-10-01,0.102500
OK,40089,28700,2022-01-01,0.092500
OK,40089,33150,2022-01-01,0.097500
OK,40089,35030,2022-01-01,0.062500
OK,40089,35030,2023-07-01,0.092500
OK,40089,36750,2022-01-01,0.092500
OK,40089,36750,2022-07-01,0.102500
OK,40089,48600,2022-01-01,0.092500
OK,40089,68250,2022-01-01,0.062500
OK,40089,68250,2024-04-01,0.067500
OK,40089,76650,2022-01-01,0.092500
OK,40089,82200,2022-01-01,0.092500
OK,40091,,2022-01-01,0.065000
OK,40091,13650,2022-01-01,0.105000
OK,40091,24650,2022-01-01,0.100000
OK,40091,32350,2022-01-01,0.105000
OK,40091,62950,2022-01-01,0.105000
OK,40093,,2022-01-01,0.062500
OK,40093,,2025-01-01,0.059060
OK,40093,01950,2022-01-01,0.092500
OK,40093,01950,2025-01-01,0.089060
OK,40093,15300,2022-01-01,0.092500
OK,40093,15300,2023-07-01,0.112500
OK,40093,15300,2025-01-01,0.109060
OK,40093,25100,2022-01-01,0.102500
OK,40093,25100,2025-01-01,0.099060
OK,40093,47750,2022-01-01,0.092500
OK,40093,47750,2025-01-01,0.089060
OK,40093,63450,2022-01-01,0.092500
OK,40093,63450,2025-01-01,0.089060
OK,40093,66250,2022-01-01,0.102500
OK,40093,66250,2025-01-01,0.099060
OK,40095,,2022-01-01,0.065000
OK,40095,39900,2022-01-01,0.095000
OK,40095,45750,2022-01-01,0.095000
OK,40095,53400,2022-01-01,0.085000
OK,40097,,2022-01-01,0.058750
OK,40097,00250,2022-01-01,0.098750
OK,40097,14300,2022-01-01,0.103750
OK,40097,20900,2022-01-01,0.097500
OK,40097,41500,2022-01-01,0.088750
OK,40097,43500,2022-01-01,0.108750
OK,40097,58050,2022-01-01,0.088750
OK,40097,61000,2022-01-01,0.098750
OK,40097,64950,2022-01-01,0.098750
OK,40097,64950,2026-10-01,0.108750
OK,40097,69050,2022-01-01,0.088750
OK,40097,69050,2025-10-01,0.098750
OK,40097,69400,2022-01-01,0.088750
OK,40097,70750,2022-01-01,0.078750
OK,40099,,2022-01-01,0.065000
OK,40099,19450,2022-01-01,0.095000
OK,40099,21200,2022-01-01,0.085000
OK,40099,71350,2022-01-01,0.095000
OK,40101,,2022-01-01,0.051500
OK,40101,,2025-04-01,0.059990
OK,40101,08150,2022-01-01,0.071500
OK,40101,08150,2025-04-01,0.079990
OK,40101,08400,2022-01-01,0.081500
OK,40101,08400,2025-04-01,0.089990
OK,40101,17550,2022-01-01,0.071500
OK,40101,17550,2025-04-01,0.079990
OK,40101,27200,2022-01-01,0.096500
OK,40101,27200,2025-04-01,0.104990
OK,40101,32900,2022-01-01,0.095000
OK,40101,32900,2025-04-01,0.103490
OK,40101,50050,2022-01-01,0.091500
OK,40101,50050,2025-04-01,0.099990
OK,40101,55200,2022-01-01,0.051500
OK,40101,55200,2025-04-01,0.059990
OK,40101,55200,2026-01-01,0.099990
OK,40101,60250,2022-01-01,0.101500
OK,40101,60250,2025-04-01,0.109990
OK,40101,71450,2022-01-01,0.081500
OK,40101,71450,2025-04-01,0.089990
OK,40101,72050,2022-01-01,0.091500
OK,40101,72050,2025-04-01,0.099990
OK,40101,77900,2022-01-01,0.091500
OK,40101,77900,2025-04-01,0.099990
OK,40101,78400,2022-01-01,0.091500
OK,40101,78400,2024-10-01,0.101500
OK,40101,78400,2025-04-01,0.109990
OK,40101,79650,2022-01-01,0.106500
OK,40101,79650,2025-04-01,0.114990
OK,40103,,2022-01-01,0.060000
OK,40103,06100,2022-01-01,0.100000
OK,40103,46550,2022-01-01,0.090000
OK,40103,49450,2022-01-01,0.100000
OK,40103,58250,2022-01-01,0.102500
OK,40103,62650,2022-01-01,0.110000
OK,40105,,2022-01-01,0.065000
OK,40105,19850,2022-01-01,0.085000
OK,40105,42300,2022-01-01,0.085000
OK,40105,51050,2022-01-01,0.085000
OK,40105,52900,2022-01-01,0.095000
OK,40105,52900,2026-01-01,0.105000
OK,40105,68600,2022-01-01,0.085000
OK,40105,68600,2026-07-01,0.100000
OK,40105,78250,2022-01-01,0.085000
OK,40107,,2022-01-01,0.065000
OK,40107,07500,2022-01-01,0.115000
OK,40107,12750,2022-01-01,0.095000
OK,40107,15050,2022-01-01,0.105000
OK,40107,54200,2022-01-01,0.100000
OK,40107,56800,2022-01-01,0.095000
OK,40107,79800,2022-01-01,0.105000
OK,40109,,2022-01-01,0.045000
OK,40109,02550,2022-01-01,0.085000
OK,40109,05700,2022-01-01,0.085000
OK,40109,14200,2022-01-01,0.087500
OK,40109,14200,2025-07-01,0.097500
OK,40109,19900,2022-01-01,0.090000
OK,40109,23200,2022-01-01,0.085000
OK,40109,23200,2023-01-01,0.082500
OK,40109,26850,2022-01-01,0.075000
OK,40109,32750,2022-01-01,0.085000
OK,40109,38350,2022-01-01,0.095000
OK,40109,40800,2022-01-01,0.072500
OK,40109,44500,2022-01-01,0.085000
OK,40109,48350,2022-01-01,0.091000
OK,40109,51800,2022-01-01,0.085000
OK,40109,51850,2022-01-01,0.095000
OK,40109,55000,2022-01-01,0.086250
OK,40109,69200,2022-01-01,0.095000
OK,40109,73250,2022-01-01,0.090000
OK,40109,76500,2022-01-01,0.075000
OK,40109,76500,2026-07-01,0.090000
OK,40109,78500,2022-01-01,0.085000
OK,40111,,2022-01-01,0.060830
OK,40111,05000,2022-01-01,0.105830
OK,40111,20500,2022-01-01,0.100830
OK,40111,31150,2022-01-01,0.100830
OK,40111,33750,2022-01-01,0.100830
OK,40111,49400,2022-01-01,0.100830
OK,40111,55150,2022-01-01,0.100830
OK,40111,65900,2022-01-01,0.065830
OK,40113,,2022-01-01,0.057500
OK,40113,03500,2022-01-01,0.077500
OK,40113,04250,2022-01-01,0.097500
OK,40113,04450,2022-01-01,0.091500
OK,40113,09950,2022-01-01,0.077500
OK,40113,24850,2022-01-01,0.087500
OK,40113,35850,2022-01-01,0.092500
OK,40113,35850,2026-07-01,0.087500
OK,40113,57600,2022-01-01,0.097500
OK,40113,60850,2022-01-01,0.087500
OK,40113,65300,2022-01-01,0.098000
OK,40113,67200,2022-01-01,0.077500
OK,40113,67850,2022-01-01,0.092500
OK,40113,67850,2024-04-01,0.102500
OK,40113,69300,2022-01-01,0.093500
OK,40113,75000,2022-01-01,0.094000
OK,40113,82450,2022-01-01,0.097500
OK,40115,,2022-01-01,0.058500
OK,40115,00600,2022-01-01,0.093500
OK,40115,16500,2022-01-01,0.088500
OK,40115,16500,2022-07-01,0.108500
OK,40115,24900,2022-01-01,0.088500
OK,40115,48000,2022-01-01,0.095000
OK,40115,52700,2022-01-01,0.093500
OK,40115,58100,2022-01-01,0.068500
OK,40115,61400,2022-01-01,0.088500
OK,40115,82250,2022-01-01,0.088500
OK,40117,,2022-01-01,0.057500
OK,40117,,2023-04-01,0.061000
OK,40117,,2026-01-01,0.065000
OK,40117,15350,2022-01-01,0.092500
OK,40117,15350,2023-04-01,0.096000
OK,40117,15350,2026-01-01,0.100000
OK,40117,32050,2022-01-01,0.102500
OK,40117,32050,2023-04-01,0.106000
OK,40117,32050,2026-01-01,0.110000
OK,40117,37850,2022-01-01,0.097500
OK,40117,37850,2023-04-01,0.101000
OK,40117,37850,2026-01-01,0.105000
OK,40117,46400,2022-01-01,0.087500
OK,40117,46400,2023-04-01,0.091000
OK,40117,46400,2026-01-01,0.095000
OK,40117,57650,2022-01-01,0.092500
OK,40117,57650,2023-04-01,0.096000
OK,40117,57650,2026-01-01,0.100000
OK,40117,61650,2022-01-01,0.087500
OK,40117,61650,2023-04-01,0.091000
OK,40117,61650,2026-01-01,0.095000
OK,40117,72850,2022-01-01,0.077500
OK,40117,72850,2023-04-01,0.081000
OK,40117,72850,2026-01-01,0.085000
OK,40117,80250,2022-01-01,0.082500
OK,40117,80250,2023-04-01,0.086000
OK,40117,80250,2026-01-01,0.090000
OK,40119,,2022-01-01,0.053130
OK,40119,18850,2022-01-01,0.093130
OK,40119,21750,2022-01-01,0.098130
OK,40119,29400,2022-01-01,0.099750
OK,40119,56050,2022-01-01,0.093130
OK,40119,58150,2022-01-01,0.086880
OK,40119,58150,2024-07-01,0.091880
OK,40119,63500,2022-01-01,0.083130
OK,40119,70300,2022-01-01,0.088130
OK,40119,70300,2022-07-01,0.093130
OK,40119,82500,2022-01-01,0.093130
OK,40121,,2022-01-01,0.060000
OK,40121,01150,2022-01-01,0.080000
OK,40121,11450,2022-01-01,0.105000
OK,40121,11990,2022-01-01,0.090000
OK,40121,18550,2022-01-01,0.100000
OK,40121,31900,2022-01-01,0.090000
OK,40121,32850,2022-01-01,0.092500
OK,40121,32850,2022-07-01,0.097500
OK,40121,36950,2022-01-01,0.090000
OK,40121,40000,2022-01-01,0.110000
OK,40121,40300,2022-01-01,0.100000
OK,40121,44800,2022-01-01,0.097500
OK,40121,44800,2022-04-01,0.100000
OK,40121,59350,2022-01-01,0.090000
OK,40121,61550,2022-01-01,0.090000
OK,40121,65600,2022-01-01,0.110000
OK,40123,,2022-01-01,0.053750
OK,40123,00200,2022-01-01,0.093750
OK,40123,01400,2022-01-01,0.083750
OK,40123,10600,2022-01-01,0.093750
OK,40123,27650,2022-01-01,0.083750
OK,40123,27650,2022-07-01,0.093750
OK,40123,63750,2022-01-01,0.098750
OK,40123,70500,2022-01-01,0.093750
OK,40123,70500,2025-10-01,0.103750
OK,40125,,2022-01-01,0.059950
OK,40125,03000,2022-01-01,0.099950
OK,40125,05800,2022-01-01,0.084950
OK,40125,22500,2022-01-01,0.089950
OK,40125,45350,2022-01-01,0.099950
OK,40125,45500,2022-01-01,0.089950
OK,40125,46900,2022-01-01,0.099950
OK,40125,55000,2022-01-01,0.101200
OK,40125,59150,2022-01-01,0.089950
OK,40125,60500,2022-01-01,0.059950
OK,40125,60500,2022-10-01,0.099950
OK,40125,66800,2022-01-01,0.094950
OK,40125,66800,2023-04-01,0.099950
OK,40125,72650,2022-01-01,0.089950
OK,40125,74400,2022-01-01,0.079950
OK,40125,78200,2022-01-01,0.094950
OK,40127,,2022-01-01,0.065000
OK,40127,02250,2022-01-01,0.100000
OK,40127,14900,2022-01-01,0.105000
OK,40127,61950,2022-01-01,0.100000
OK,40129,,2022-01-01,0.060000
OK,40129,13900,2022-01-01,0.090000
OK,40129,32250,2022-01-01,0.090000
OK,40129,63100,2022-01-01,0.080000
OK,40129,71900,2022-01-01,0.070000
OK,40131,,2022-01-01,0.063330
OK,40131,,2023-10-01,0.060000
OK,40131,12900,2022-01-01,0.095830
OK,40131,12900,2023-10-01,0.092500
OK,40131,13700,2022-01-01,0.093330
OK,40131,13700,2023-10-01,0.090000
OK,40131,14700,2022-01-01,0.093330
OK,40131,14700,2023-10-01,0.090000
OK,40131,14700,2025-07-01,0.100000
OK,40131,16350,2022-01-01,0.106330
OK,40131,16350,2023-04-01,0.111330
OK,40131,16350,2023-10-01,0.108000
OK,40131,27600,2022-01-01,0.103330
OK,40131,27600,2023-10-01,0.100000
OK,40131,37100,2022-01-01,0.093330
OK,40131,37100,2023-10-01,0.090000
OK,40131,37100,2024-07-01,0.105000
OK,40131,55750,2022-01-01,0.093330
OK,40131,55750,2023-01-01,0.063330
OK,40131,55750,2023-04-01,0.093330
OK,40131,55750,2023-10-01,0.090000
OK,40131,56650,2022-01-01,0.103830
OK,40131,56650,2023-10-01,0.100500
OK,40131,72200,2022-01-01,0.093330
OK,40131,72200,2023-10-01,0.090000
OK,40131,75000,2022-01-01,0.063330
OK,40131,75000,2023-10-01,0.060000
OK,40131,75000,2025-04-01,0.096500
OK,40131,75000,2026-01-01,0.060000
OK,40131,77050,2022-01-01,0.093330
OK,40131,77050,2023-10-01,0.090000
OK,40133,,2022-01-01,0.057500
OK,40133,07950,2022-01-01,0.087500
OK,40133,18450,2022-01-01,0.087500
OK,40133,40200,2022-01-01,0.097500
OK,40133,46900,2022-01-01,0.097500
OK,40133,65500,2022-01-01,0.097500
OK,40133,66350,2022-01-01,0.097500
OK,40133,66350,2025-10-01,0.098750
OK,40133,80550,2022-01-01,0.097500
OK,40133,80550,2024-01-01,0.110000
OK,40135,,2022-01-01,0.059170
OK,40135,28350,2022-01-01,0.079170
OK,40135,30300,2022-01-01,0.099170
OK,40135,46450,2022-01-01,0.089170
OK,40135,49000,2022-01-01,0.079170
OK,40135,49850,2022-01-01,0.094170
OK,40135,57150,2022-01-01,0.089170
OK,40135,63800,2022-01-01,0.099170
OK,40135,65000,2022-01-01,0.099170
OK,40135,77250,2022-01-01,0.099170
OK,40137,,2022-01-01,0.052000
OK,40137,08550,2022-01-01,0.062000
OK,40137,13135,2022-01-01,0.072000
OK,40137,16450,2022-01-01,0.092000
OK,40137,21900,2022-01-01,0.087000
OK,40137,43450,2022-01-01,0.082000
OK,40137,46600,2022-01-01,0.087000
OK,40137,76900,2022-01-01,0.092000
OK,40139,,2022-01-01,0.059500
OK,40139,30200,2022-01-01,0.089500
OK,40139,31750,2022-01-01,0.099500
OK,40139,32550,2022-01-01,0.099500
OK,40139,36000,2022-01-01,0.099500
OK,40139,73100,2022-01-01,0.089500
OK,40139,75750,2022-01-01,0.089500
OK,40141,,2022-01-01,0.065000
OK,40141,,2025-04-01,0.075000
OK,40141,19400,2022-01-01,0.105000
OK,40141,19400,2025-04-01,0.115000
OK,40141,27800,2022-01-01,0.100000
OK,40141,27800,2025-04-01,0.110000
OK,40141,27800,2025-07-01,0.100000
OK,40141,30850,2022-01-01,0.095000
OK,40141,30850,2025-04-01,0.105000
OK,40141,35550,2022-01-01,0.095000
OK,40141,35550,2025-04-01,0.105000
OK,40141,46150,2022-01-01,0.095000
OK,40141,46150,2025-04-01,0.105000
OK,40141,73850,2022-01-01,0.105000
OK,40141,73850,2025-04-01,0.115000
OK,40143,,2022-01-01,0.048670
OK,40143,06400,2022-01-01,0.089170
OK,40143,09050,2022-01-01,0.084170
OK,40143,16350,2022-01-01,0.091670
OK,40143,16350,2023-04-01,0.096670
OK,40143,29600,2022-01-01,0.099670
OK,40143,37800,2022-01-01,0.084170
OK,40143,56650,2022-01-01,0.089170
OK,40143,65300,2022-01-01,0.089170
OK,40143,65400,2022-01-01,0.088670
OK,40143,67850,2022-01-01,0.083670
OK,40143,67850,2024-04-01,0.093670
OK,40143,69300,2022-01-01,0.084670
OK,40143,75000,2022-01-01,0.085170
OK,40145,,2022-01-01,0.058000
OK,40145,,2025-07-01,0.060500
OK,40145,06400,2022-01-01,0.098500
OK,40145,06400,2025-07-01,0.101000
OK,40145,09050,2022-01-01,0.093500
OK,40145,09050,2025-07-01,0.096000
OK,40145,12900,2022-01-01,0.090500
OK,40145,12900,2025-07-01,0.093000
OK,40145,17800,2022-01-01,0.088000
OK,40145,17800,2022-07-01,0.098000
OK,40145,17800,2025-07-01,0.100500
OK,40145,54100,2022-01-01,0.098000
OK,40145,54100,2025-07-01,0.100500
OK,40145,60150,2022-01-01,0.098000
OK,40145,60150,2025-07-01,0.100500
OK,40145,74650,2022-01-01,0.058000
OK,40145,74650,2023-04-01,0.098000
OK,40145,74650,2025-07-01,0.100500
OK,40145,75000,2022-01-01,0.094500
OK,40145,75000,2025-07-01,0.097000
OK,40145,77850,2022-01-01,0.098000
OK,40145,77850,2025-07-01,0.100500
OK,40147,,2022-01-01,0.055000
OK,40147,04450,2022-01-01,0.089000
OK,40147,17100,2022-01-01,0.085000
OK,40147,20550,2022-01-01,0.089000
OK,40147,53700,2022-01-01,0.085000
OK,40147,61700,2022-01-01,0.075000
OK,40147,76950,2022-01-01,0.075000
OK,40149,,2022-01-01,0.065000
OK,40149,05650,2022-01-01,0.085000
OK,40149,10250,2022-01-01,0.105000
OK,40149,11650,2022-01-01,0.105000
OK,40149,15400,2022-01-01,0.110000
OK,40149,16400,2022-01-01,0.085000
OK,40149,17300,2022-01-01,0.085000
OK,40149,20850,2022-01-01,0.095000
OK,40149,27450,2022-01-01,0.105000
OK,40149,51250,2022-01-01,0.105000
OK,40149,51250,2022-10-01,0.065000
OK,40149,51250,2023-04-01,0.105000
OK,40149,63700,2022-01-01,0.095000
OK,40149,63700,2025-10-01,0.105000
OK,40149,66400,2022-01-01,0.095000
OK,40151,,2022-01-01,0.050000
OK,40151,01800,2022-01-01,0.092500
OK,40151,27850,2022-01-01,0.070000
OK,40151,79350,2022-01-01,0.090000
OK,40151,79350,2022-07-01,0.100000
OK,40153,,2022-01-01,0.054000
OK,40153,27350,2022-01-01,0.084000
OK,40153,49250,2022-01-01,0.094000
OK,40153,82150,2022-01-01,0.094000
SD,46003,,2022-01-01,0.045000
SD,46003,,2023-07-01,0.042000
SD,46003,50020,2022-01-01,0.065000
SD,46003,50020,2023-07-01,0.062000
SD,46003,61700,2022-01-01,0.065000
SD,46003,61700,2023-07-01,0.062000
SD,46003,71180,2022-01-01,0.065000
SD,46003,71180,2023-07-01,0.062000
SD,46005,,2022-01-01,0.045000
SD,46005,,2023-07-01,0.042000
SD,46005,10620,2022-01-01,0.065000
SD,46005,10620,2023-07-01,0.062000
SD,46005,29500,2022-01-01,0.055000
SD,46005,29500,2023-07-01,0.052000
SD,46005,31060,2022-01-01,0.065000
SD,46005,31060,2023-07-01,0.062000
SD,46005,32020,2022-01-01,0.055000
SD,46005,32020,2023-07-01,0.052000
SD,46005,70140,2022-01-01,0.065000
SD,46005,70140,2023-07-01,0.062000
SD,46005,72540,2022-01-01,0.065000
SD,46005,72540,2023-07-01,0.062000
SD,46005,73020,2022-01-01,0.055000
SD,46005,73020,2023-07-01,0.052000
SD,46007,,2022-01-01,0.045000
SD,46007,,2023-07-01,0.042000
SD,46007,41100,2022-01-01,0.065000
SD,46007,41100,2023-07-01,0.062000
SD,46009,,2022-01-01,0.045000
SD,46009,,2023-07-01,0.042000
SD,46009,02900,2022-01-01,0.065000
SD,46009,02900,2023-07-01,0.062000
SD,46009,57940,2022-01-01,0.065000
SD,46009,57940,2023-07-01,0.062000
SD,46009,60660,2022-01-01,0.065000
SD,46009,60660,2023-07-01,0.062000
SD,46009,62820,2022-01-01,0.065000
SD,46009,62820,2023-07-01,0.062000
SD,46009,64860,2022-01-01,0.065000
SD,46009,64860,2023-07-01,0.062000
SD,46011,,2022-01-01,0.045000
SD,46011,,2023-07-01,0.042000
SD,46011,02180,2022-01-01,0.065000
SD,46011,02180,2023-07-01,0.062000
SD,46011,02780,2022-01-01,0.055000
SD,46011,02780,2023-07-01,0.052000
SD,46011,02780,2024-01-01,0.062000
SD,46011,07580,2022-01-01,0.065000
SD,46011,07580,2023-07-01,0.062000
SD,46011,07740,2022-01-01,0.065000
SD,46011,07740,2023-07-01,0.062000
SD,46011,18700,2022-01-01,0.065000
SD,46011,18700,2023-07-01,0.062000
SD,46011,67700,2022-01-01,0.065000
SD,46011,67700,2023-07-01,0.062000
SD,46011,70940,2022-01-01,0.065000
SD,46011,70940,2023-07-01,0.062000
SD,46013,,2022-01-01,0.045000
SD,46013,,2023-07-01,0.042000
SD,46013,00100,2022-01-01,0.065000
SD,46013,00100,2023-07-01,0.062000
SD,46013,13420,2022-01-01,0.065000
SD,46013,13420,2023-07-01,0.062000
SD,46013,22860,2022-01-01,0.055000
SD,46013,22860,2023-07-01,0.052000
SD,46013,26340,2022-01-01,0.065000
SD,46013,26340,2023-07-01,0.062000
SD,46013,27980,2022-01-01,0.055000
SD,46013,27980,2023-07-01,0.052000
SD,46013,27980,2023-12-22,0.042000
SD,46013,27980,2024-01-01,0.062000
SD,46013,62020,2022-01-01,0.065000
SD,46013,62020,2023-07-01,0.062000
SD,46013,68740,2022-01-01,0.065000
SD,46013,68740,2023-07-01,0.062000
SD,46013,70540,2022-01-01,0.065000
SD,46013,70540,2023-07-01,0.062000
SD,46015,,2022-01-01,0.045000
SD,46015,,2023-07-01,0.042000
SD,46015,11220,2022-01-01,0.065000
SD,46015,11220,2023-07-01,0.062000
SD,46015,33980,2022-01-01,0.065000
SD,46015,33980,2023-07-01,0.062000
SD,46015,52220,2022-01-01,0.065000
SD,46015,52220,2023-07-01,0.062000
SD,46017,,2022-01-01,0.045000
SD,46017,,2023-07-01,0.042000
SD,46019,,2022-01-01,0.045000
SD,46019,,2023-07-01,0.042000
SD,46019,04380,2022-01-01,0.065000
SD,46019,04380,2023-07-01,0.062000
SD,46019,44860,2022-01-01,0.065000
SD,46019,44860,2023-07-01,0.062000
SD,46019,45180,2022-01-01,0.065000
SD,46019,45180,2023-07-01,0.062000
SD,46021,,2022-01-01,0.045000
SD,46021,,2023-07-01,0.042000
SD,46021,28340,2022-01-01,0.065000
SD,46021,28340,2023-07-01,0.062000
SD,46021,44020,2022-01-01,0.065000
SD,46021,44020,2023-07-01,0.062000
SD,46021,51260,2022-01-01,0.065000
SD,46021,51260,2023-07-01,0.062000
SD,46023,,2022-01-01,0.045000
SD,46023,,2023-07-01,0.042000
SD,46023,15420,2022-01-01,0.065000
SD,46023,15420,2023-07-01,0.062000
SD,46023,23980,2022-01-01,0.065000
SD,46023,23980,2023-07-01,0.062000
SD,46023,35100,2022-01-01,0.065000
SD,46023,35100,2023-07-01,0.062000
SD,46023,49460,2022-01-01,0.065000
SD,46023,49460,2023-07-01,0.062000
SD,46023,50260,2022-01-01,0.065000
SD,46023,50260,2023-07-01,0.062000
SD,46023,68020,2022-01-01,0.065000
SD,46023,68020,2023-07-01,0.062000
SD,46025,,2022-01-01,0.045000
SD,46025,,2023-07-01,0.042000
SD,46025,06660,2022-01-01,0.065000
SD,46025,06660,2023-07-01,0.062000
SD,46025,12180,2022-01-01,0.065000
SD,46025,12180,2023-07-01,0.062000
SD,46025,71940,2022-01-01,0.065000
SD,46025,71940,2023-07-01,0.062000
SD,46027,,2022-01-01,0.045000
SD,46027,,2023-07-01,0.042000
SD,46027,31940,2022-01-01,0.065000
SD,46027,31940,2023-07-01,0.062000
SD,46027,66700,2022-01-01,0.065000
SD,46027,66700,2023-07-01,0.062000
SD,46027,68100,2022-01-01,0.065000
SD,46027,68100,2023-07-01,0.062000
SD,46029,,2022-01-01,0.045000
SD,46029,,2023-07-01,0.042000
SD,46029,21820,2022-01-01,0.065000
SD,46029,21820,2023-07-01,0.062000
SD,46029,28140,2022-01-01,0.065000
SD,46029,28140,2023-07-01,0.062000
SD,46029,34340,2022-01-01,0.065000
SD,46029,34340,2023-07-01,0.062000
SD,46029,59940,2022-01-01,0.055000
SD,46029,59940,2023-07-01,0.052000
SD,46029,59940,2026-07-01,0.062000
SD,46029,68420,2022-01-01,0.055000
SD,46029,68420,2023-07-01,0.052000
SD,46029,69300,2022-01-01,0.065000
SD,46029,69300,2023-07-01,0.062000
SD,46031,,2022-01-01,0.045000
SD,46031,,2023-07-01,0.042000
SD,46031,39940,2022-01-01,0.065000
SD,46031,39940,2023-07-01,0.062000
SD,46031,40020,2022-01-01,0.065000
SD,46031,40020,2023-07-01,0.062000
SD,46031,43860,2022-01-01,0.060000
SD,46031,43860,2023-07-01,0.057000
SD,46033,,2022-01-01,0.045000
SD,46033,,2023-07-01,0.042000
SD,46033,15140,2022-01-01,0.065000
SD,46033,15140,2023-07-01,0.062000
SD,46033,28300,2022-01-01,0.065000
SD,46033,28300,2023-07-01,0.062000
SD,46033,51940,2022-01-01,0.065000
SD,46033,51940,2023-07-01,0.062000
SD,46035,,2022-01-01,0.045000
SD,46035,,2023-07-01,0.042000
SD,46035,20060,2022-01-01,0.065000
SD,46035,20060,2023-07-01,0.062000
SD,46035,43100,2022-01-01,0.065000
SD,46035,43100,2023-07-01,0.062000
SD,46035,44100,2022-01-01,0.065000
SD,46035,44100,2023-07-01,0.062000
SD,46037,,2022-01-01,0.045000
SD,46037,,2023-07-01,0.042000
SD,46037,01500,2022-01-01,0.065000
SD,46037,01500,2023-07-01,0.062000
SD,46037,07300,2022-01-01,0.065000
SD,46037,07300,2023-07-01,0.062000
SD,46037,26220,2022-01-01,0.065000
SD,46037,26220,2023-07-01,0.062000
SD,46037,49540,2022-01-01,0.065000
SD,46037,49540,2023-07-01,0.062000
SD,46037,56380,2022-01-01,0.075000
SD,46037,56380,2023-07-01,0.072000
SD,46037,69340,2022-01-01,0.065000
SD,46037,69340,2023-07-01,0.062000
SD,46037,69780,2022-01-01,0.065000
SD,46037,69780,2023-07-01,0.062000
SD,46039,,2022-01-01,0.045000
SD,46039,,2023-07-01,0.042000
SD,46039,02580,2022-01-01,0.065000
SD,46039,02580,2023-07-01,0.062000
SD,46039,06940,2022-01-01,0.065000
SD,46039,06940,2023-07-01,0.062000
SD,46039,12540,2022-01-01,0.065000
SD,46039,12540,2023-07-01,0.062000
SD,46039,23860,2022-01-01,0.055000
SD,46039,23860,2023-07-01,0.052000
SD,46039,63740,2022-01-01,0.065000
SD,46039,63740,2023-07-01,0.062000
SD,46041,,2022-01-01,0.045000
SD,46041,,2023-07-01,0.042000
SD,46041,17620,2022-01-01,0.065000
SD,46041,17620,2023-07-01,0.062000
SD,46041,32140,2022-01-01,0.065000
SD,46041,32140,2023-07-01,0.062000
SD,46041,63620,2022-01-01,0.065000
SD,46041,63620,2023-07-01,0.062000
SD,46043,,2022-01-01,0.045000
SD,46043,,2023-07-01,0.042000
SD,46043,02260,2022-01-01,0.065000
SD,46043,02260,2023-07-01,0.062000
SD,46043,13980,2022-01-01,0.065000
SD,46043,13980,2023-07-01,0.062000
SD,46043,16060,2022-01-01,0.065000
SD,46043,16060,2023-07-01,0.062000
SD,46045,,2022-01-01,0.045000
SD,46045,,2023-07-01,0.042000
SD,46045,06540,2022-01-01,0.065000
SD,46045,06540,2023-07-01,0.062000
SD,46045,30140,2022-01-01,0.065000
SD,46045,30140,2023-07-01,0.062000
SD,46045,31860,2022-01-01,0.065000
SD,46045,31860,2023-07-01,0.062000
SD,46045,55820,2022-01-01,0.065000
SD,46045,55820,2023-07-01,0.062000
SD,46047,,2022-01-01,0.045000
SD,46047,,2023-07-01,0.042000
SD,46047,18300,2022-01-01,0.065000
SD,46047,18300,2023-07-01,0.062000
SD,46047,30220,2022-01-01,0.065000
SD,46047,30220,2023-07-01,0.062000
SD,46047,46500,2022-01-01,0.065000
SD,46047,46500,2023-07-01,0.062000
SD,46049,,2022-01-01,0.045000
SD,46049,,2023-07-01,0.042000
SD,46049,14580,2022-01-01,0.045000
SD,46049,14580,2023-01-01,0.065000
SD,46049,14580,2023-07-01,0.062000
SD,46049,21260,2022-01-01,0.065000
SD,46049,21260,2023-07-01,0.062000
SD,46049,47460,2022-01-01,0.055000
SD,46049,47460,2023-07-01,0.052000
SD,46051,,2022-01-01,0.045000
SD,46051,,2023-07-01,0.042000
SD,46051,05540,2022-01-01,0.065000
SD,46051,05540,2023-07-01,0.062000
SD,46051,34540,2022-01-01,0.055000
SD,46051,34540,2023-07-01,0.052000
SD,46051,42260,2022-01-01,0.065000
SD,46051,42260,2023-07-01,0.062000
SD,46051,54220,2022-01-01,0.055000
SD,46051,54220,2023-07-01,0.052000
SD,46053,,2022-01-01,0.045000
SD,46053,,2023-07-01,0.042000
SD,46053,06220,2022-01-01,0.065000
SD,46053,06220,2023-07-01,0.062000
SD,46053,08700,2022-01-01,0.065000
SD,46053,08700,2023-07-01,0.062000
SD,46053,15300,2022-01-01,0.065000
SD,46053,15300,2023-07-01,0.062000
SD,46053,20380,2022-01-01,0.065000
SD,46053,20380,2023-07-01,0.062000
SD,46053,26180,2022-01-01,0.065000
SD,46053,26180,2023-07-01,0.062000
SD,46055,,2022-01-01,0.045000
SD,46055,,2023-07-01,0.042000
SD,46055,42140,2022-01-01,0.065000
SD,46055,42140,2023-07-01,0.062000
SD,46055,49300,2022-01-01,0.065000
SD,46055,49300,2023-07-01,0.062000
SD,46057,,2022-01-01,0.045000
SD,46057,,2023-07-01,0.042000
SD,46057,08060,2022-01-01,0.065000
SD,46057,08060,2023-07-01,0.062000
SD,46057,10500,2022-01-01,0.065000
SD,46057,10500,2023-07-01,0.062000
SD,46057,19980,2022-01-01,0.065000
SD,46057,19980,2023-07-01,0.062000
SD,46057,27820,2022-01-01,0.065000
SD,46057,27820,2023-07-01,0.062000
SD,46057,27940,2022-01-01,0.055000
SD,46057,27940,2023-07-01,0.052000
SD,46057,35460,2022-01-01,0.065000
SD,46057,35460,2023-07-01,0.062000
SD,46059,,2022-01-01,0.045000
SD,46059,,2023-07-01,0.042000
SD,46059,42460,2022-01-01,0.065000
SD,46059,42460,2023-07-01,0.062000
SD,46059,57180,2022-01-01,0.065000
SD,46059,57180,2023-07-01,0.062000
SD,46059,70140,2022-01-01,0.065000
SD,46059,70140,2023-07-01,0.062000
SD,46061,,2022-01-01,0.045000
SD,46061,,2023-07-01,0.042000
SD,46061,00820,2022-01-01,0.065000
SD,46061,00820,2023-07-01,0.062000
SD,46061,19420,2022-01-01,0.065000
SD,46061,19420,2023-07-01,0.062000
SD,46063,,2022-01-01,0.045000
SD,46063,,2023-07-01,0.042000
SD,46063,08140,2022-01-01,0.065000
SD,46063,08140,2023-07-01,0.062000
SD,46063,09260,2022-01-01,0.055000
SD,46063,09260,2023-07-01,0.052000
SD,46065,,2022-01-01,0.045000
SD,46065,,2023-07-01,0.042000
SD,46065,06180,2022-01-01,0.055000
SD,46065,06180,2023-07-01,0.052000
SD,46065,27420,2022-01-01,0.065000
SD,46065,27420,2023-07-01,0.062000
SD,46065,49600,2022-01-01,0.065000
SD,46065,49600,2023-07-01,0.062000
SD,46067,,2022-01-01,0.045000
SD,46067,,2023-07-01,0.042000
SD,46067,16620,2022-01-01,0.065000
SD,46067,16620,2023-07-01,0.062000
SD,46067,23020,2022-01-01,0.065000
SD,46067,23020,2023-07-01,0.062000
SD,46067,41980,2022-01-01,0.065000
SD,46067,41980,2023-07-01,0.062000
SD,46067,46900,2022-01-01,0.055000
SD,46067,46900,2023-07-01,0.052000
SD,46067,48460,2022-01-01,0.065000
SD,46067,48460,2023-07-01,0.062000
SD,46067,64020,2022-01-01,0.065000
SD,46067,64020,2023-07-01,0.062000
SD,46069,,2022-01-01,0.045000
SD,46069,,2023-07-01,0.042000
SD,46069,28980,2022-01-01,0.065000
SD,46069,28980,2023-07-01,0.062000
SD,46071,,2022-01-01,0.045000
SD,46071,,2023-07-01,0.042000
SD,46071,04620,2022-01-01,0.065000
SD,46071,04620,2023-07-01,0.062000
SD,46071,31620,2022-01-01,0.065000
SD,46071,31620,2023-07-01,0.062000
SD,46071,33180,2022-01-01,0.065000
SD,46071,33180,2023-07-01,0.062000
SD,46073,,2022-01-01,0.045000
SD,46073,,2023-07-01,0.042000
SD,46073,01020,2022-01-01,0.055000
SD,46073,01020,2023-07-01,0.052000
SD,46073,35780,2022-01-01,0.065000
SD,46073,35780,2023-07-01,0.062000
SD,46073,70220,2022-01-01,0.065000
SD,46073,70220,2023-07-01,0.062000
SD,46075,,2022-01-01,0.045000
SD,46075,,2023-07-01,0.042000
SD,46075,44260,2022-01-01,0.065000
SD,46075,44260,2023-07-01,0.062000
SD,46077,,2022-01-01,0.045000
SD,46077,,2023-07-01,0.042000
SD,46077,02180,2022-01-01,0.065000
SD,46077,02180,2023-07-01,0.062000
SD,46077,16260,2022-01-01,0.065000
SD,46077,16260,2023-07-01,0.062000
SD,46077,19860,2022-01-01,0.065000
SD,46077,19860,2023-07-01,0.062000
SD,46077,32020,2022-01-01,0.055000
SD,46077,32020,2023-07-01,0.052000
SD,46077,35500,2022-01-01,0.065000
SD,46077,35500,2023-07-01,0.062000
SD,46077,46780,2022-01-01,0.065000
SD,46077,46780,2023-07-01,0.062000
SD,46079,,2022-01-01,0.045000
SD,46079,,2023-07-01,0.042000
SD,46079,40220,2022-01-01,0.065000
SD,46079,40220,2023-07-01,0.062000
SD,46079,52860,2022-01-01,0.065000
SD,46079,52860,2023-07-01,0.062000
SD,46079,70020,2022-01-01,0.065000
SD,46079,70020,2023-07-01,0.062000
SD,46081,,2022-01-01,0.045000
SD,46081,,2023-07-01,0.042000
SD,46081,15700,2022-01-01,0.065000
SD,46081,15700,2023-07-01,0.062000
SD,46081,36220,2022-01-01,0.065000
SD,46081,36220,2023-07-01,0.062000
SD,46081,60020,2022-01-01,0.065000
SD,46081,60020,2023-07-01,0.062000
SD,46081,71580,2022-01-01,0.065000
SD,46081,71580,2023-07-01,0.062000
SD,46083,,2022-01-01,0.045000
SD,46083,,2023-07-01,0.042000
SD,46083,04980,2022-01-01,0.065000
SD,46083,04980,2023-07-01,0.062000
SD,46083,09500,2022-01-01,0.065000
SD,46083,09500,2023-07-01,0.062000
SD,46083,20780,2022-01-01,0.065000
SD,46083,20780,2023-07-01,0.062000
SD,46083,27260,2022-01-01,0.065000
SD,46083,27260,2023-07-01,0.062000
SD,46083,30740,2022-01-01,0.065000
SD,46083,30740,2023-07-01,0.062000
SD,46083,36380,2022-01-01,0.065000
SD,46083,36380,2023-07-01,0.062000
SD,46083,59020,2022-01-01,0.065000
SD,46083,59020,2023-07-01,0.062000
SD,46083,63100,2022-01-01,0.065000
SD,46083,63100,2023-07-01,0.062000
SD,46083,72820,2022-01-01,0.065000
SD,46083,72820,2023-07-01,0.062000
SD,46085,,2022-01-01,0.045000
SD,46085,,2023-07-01,0.042000
SD,46085,33580,2022-01-01,0.065000
SD,46085,33580,2023-07-01,0.062000
SD,46085,46180,2022-01-01,0.065000
SD,46085,46180,2023-07-01,0.062000
SD,46085,51820,2022-01-01,0.065000
SD,46085,51820,2023-07-01,0.062000
SD,46085,54020,2022-01-01,0.065000
SD,46085,54020,2023-07-01,0.062000
SD,46087,,2022-01-01,0.045000
SD,46087,,2023-07-01,0.042000
SD,46087,07180,2022-01-01,0.065000
SD,46087,07180,2023-07-01,0.062000
SD,46087,09300,2022-01-01,0.065000
SD,46087,09300,2023-07-01,0.062000
SD,46087,43500,2022-01-01,0.065000
SD,46087,43500,2023-07-01,0.062000
SD,46087,57340,2022-01-01,0.065000
SD,46087,57340,2023-07-01,0.062000
SD,46087,60060,2022-01-01,0.065000
SD,46087,60060,2023-07-01,0.062000
SD,46089,,2022-01-01,0.045000
SD,46089,,2023-07-01,0.042000
SD,46089,20180,2022-01-01,0.065000
SD,46089,20180,2023-07-01,0.062000
SD,46089,36460,2022-01-01,0.065000
SD,46089,36460,2023-07-01,0.062000
SD,46091,,2022-01-01,0.045000
SD,46091,,2023-07-01,0.042000
SD,46091,07380,2022-01-01,0.065000
SD,46091,07380,2023-07-01,0.062000
SD,46091,18180,2022-01-01,0.055000
SD,46091,18180,2023-07-01,0.052000
SD,46091,35220,2022-01-01,0.055000
SD,46091,35220,2023-07-01,0.052000
SD,46091,35220,2024-01-01,0.062000
SD,46091,35820,2022-01-01,0.065000
SD,46091,35820,2023-07-01,0.062000
SD,46091,66540,2022-01-01,0.065000
SD,46091,66540,2023-07-01,0.062000
SD,46093,,2022-01-01,0.045000
SD,46093,,2023-07-01,0.042000
SD,46093,06620,2022-01-01,0.065000
SD,46093,06620,2023-07-01,0.062000
SD,46093,20980,2022-01-01,0.065000
SD,46093,20980,2023-07-01,0.062000
SD,46093,49500,2022-01-01,0.065000
SD,46093,49500,2023-07-01,0.062000
SD,46093,62100,2022-01-01,0.065000
SD,46093,62100,2023-07-01,0.062000
SD,46095,,2022-01-01,0.045000
SD,46095,,2023-07-01,0.042000
SD,46095,71340,2022-01-01,0.065000
SD,46095,71340,2023-07-01,0.062000
SD,46095,72620,2022-01-01,0.065000
SD,46095,72620,2023-07-01,0.062000
SD,46097,,2022-01-01,0.045000
SD,46097,,2023-07-01,0.042000
SD,46097,09420,2022-01-01,0.064500
SD,46097,09420,2023-07-01,0.061500
SD,46097,10220,2022-01-01,0.065000
SD,46097,10220,2023-07-01,0.062000
SD,46097,30460,2022-01-01,0.065000
SD,46097,30460,2023-07-01,0.062000
SD,46099,,2022-01-01,0.045000
SD,46099,,2023-07-01,0.042000
SD,46099,03380,2022-01-01,0.065000
SD,46099,03380,2023-07-01,0.062000
SD,46099,06840,2022-01-01,0.065000
SD,46099,06840,2023-07-01,0.062000
SD,46099,13380,2022-01-01,0.065000
SD,46099,13380,2023-07-01,0.062000
SD,46099,14740,2022-01-01,0.065000
SD,46099,14740,2023-07-01,0.062000
SD,46099,15980,2022-01-01,0.065000
SD,46099,15980,2023-07-01,0.062000
SD,46099,23820,2022-01-01,0.045000
SD,46099,23820,2023-07-01,0.042000
SD,46099,23820,2026-10-01,0.062000
SD,46099,27540,2022-01-01,0.065000
SD,46099,27540,2023-07-01,0.062000
SD,46099,30900,2022-01-01,0.065000
SD,46099,30900,2023-07-01,0.062000
SD,46099,58580,2022-01-01,0.055000
SD,46099,58580,2023-07-01,0.052000
SD,46099,59020,2022-01-01,0.065000
SD,46099,59020,2023-07-01,0.062000
SD,46099,66260,2022-01-01,0.065000
SD,46099,66260,2023-07-01,0.062000
SD,46101,,2022-01-01,0.045000
SD,46101,,2023-07-01,0.042000
SD,46101,13220,2022-01-01,0.065000
SD,46101,13220,2023-07-01,0.062000
SD,46101,18460,2022-01-01,0.065000
SD,46101,18460,2023-07-01,0.062000
SD,46101,21540,2022-01-01,0.065000
SD,46101,21540,2023-07-01,0.062000
SD,46101,63940,2022-01-01,0.065000
SD,46101,63940,2023-07-01,0.062000
SD,46102,,2022-01-01,0.045000
SD,46102,,2023-07-01,0.042000
SD,46103,,2022-01-01,0.045000
SD,46103,,2023-07-01,0.042000
SD,46103,06620,2022-01-01,0.065000
SD,46103,06620,2023-07-01,0.062000
SD,46103,29100,2022-01-01,0.065000
SD,46103,29100,2023-07-01,0.062000
SD,46103,33820,2022-01-01,0.065000
SD,46103,33820,2023-07-01,0.062000
SD,46103,45060,2022-01-01,0.065000
SD,46103,45060,2023-07-01,0.062000
SD,46103,52500,2022-01-01,0.055000
SD,46103,52500,2023-07-01,0.052000
SD,46103,52980,2022-01-01,0.065000
SD,46103,52980,2023-07-01,0.062000
SD,46103,68380,2022-01-01,0.065000
SD,46103,68380,2023-07-01,0.062000
SD,46103,69140,2022-01-01,0.055000
SD,46103,69140,2023-07-01,0.052000
SD,46105,,2022-01-01,0.045000
SD,46105,,2023-07-01,0.042000
SD,46105,05620,2022-01-01,0.065000
SD,46105,05620,2023-07-01,0.062000
SD,46105,36340,2022-01-01,0.065000
SD,46105,36340,2023-07-01,0.062000
SD,46107,,2022-01-01,0.045000
SD,46107,,2023-07-01,0.042000
SD,46107,24260,2022-01-01,0.065000
SD,46107,24260,2023-07-01,0.062000
SD,46107,30300,2022-01-01,0.065000
SD,46107,30300,2023-07-01,0.062000
SD,46109,,2022-01-01,0.045000
SD,46109,,2023-07-01,0.042000
SD,46109,13940,2022-01-01,0.065000
SD,46109,13940,2023-07-01,0.062000
SD,46109,44820,2022-01-01,0.065000
SD,46109,44820,2023-07-01,0.062000
SD,46109,48940,2022-01-01,0.065000
SD,46109,48940,2023-07-01,0.062000
SD,46109,56340,2022-01-01,0.065000
SD,46109,56340,2023-07-01,0.062000
SD,46109,59260,2022-01-01,0.065000
SD,46109,59260,2023-07-01,0.062000
SD,46109,62220,2022-01-01,0.065000
SD,46109,62220,2023-07-01,0.062000
SD,46109,71980,2022-01-01,0.065000
SD,46109,71980,2023-07-01,0.062000
SD,46111,,2022-01-01,0.045000
SD,46111,,2023-07-01,0.042000
SD,46111,02380,2022-01-01,0.065000
SD,46111,02380,2023-07-01,0.062000
SD,46111,36620,2022-01-01,0.065000
SD,46111,36620,2023-07-01,0.062000
SD,46111,72700,2022-01-01,0.065000
SD,46111,72700,2023-07-01,0.062000
SD,46115,,2022-01-01,0.045000
SD,46115,,2023-07-01,0.042000
SD,46115,02540,2022-01-01,0.065000
SD,46115,02540,2023-07-01,0.062000
SD,46115,13700,2022-01-01,0.065000
SD,46115,13700,2023-07-01,0.062000
SD,46115,16820,2022-01-01,0.065000
SD,46115,16820,2023-07-01,0.062000
SD,46115,22580,2022-01-01,0.065000
SD,46115,22580,2023-07-01,0.062000
SD,46115,41860,2022-01-01,0.065000
SD,46115,41860,2023-07-01,0.062000
SD,46115,53460,2022-01-01,0.065000
SD,46115,53460,2023-07-01,0.062000
SD,46115,64300,2022-01-01,0.055000
SD,46115,64300,2023-07-01,0.052000
SD,46117,,2022-01-01,0.045000
SD,46117,,2023-07-01,0.042000
SD,46117,22260,2022-01-01,0.065000
SD,46117,22260,2023-07-01,0.062000
SD,46119,,2022-01-01,0.045000
SD,46119,,2023-07-01,0.042000
SD,46119,47180,2022-01-01,0.065000
SD,46119,47180,2023-07-01,0.062000
SD,46121,,2022-01-01,0.045000
SD,46121,,2023-07-01,0.042000
SD,46121,42940,2022-01-01,0.065000
SD,46121,42940,2023-07-01,0.062000
SD,46123,,2022-01-01,0.045000
SD,46123,,2023-07-01,0.042000
SD,46123,13300,2022-01-01,0.065000
SD,46123,13300,2023-07-01,0.062000
SD,46123,45100,2022-01-01,0.065000
SD,46123,45100,2023-07-01,0.062000
SD,46123,72180,2022-01-01,0.065000
SD,46123,72180,2023-07-01,0.062000
SD,46125,,2022-01-01,0.045000
SD,46125,,2023-07-01,0.042000
SD,46125,11060,2022-01-01,0.065000
SD,46125,11060,2023-07-01,0.062000
SD,46125,11380,2022-01-01,0.065000
SD,46125,11380,2023-07-01,0.062000
SD,46125,15540,2022-01-01,0.065000
SD,46125,15540,2023-07-01,0.062000
SD,46125,30980,2022-01-01,0.065000
SD,46125,30980,2023-07-01,0.062000
SD,46125,31940,2022-01-01,0.065000
SD,46125,31940,2023-07-01,0.062000
SD,46125,40860,2022-01-01,0.065000
SD,46125,40860,2023-07-01,0.062000
SD,46125,43380,2022-01-01,0.065000
SD,46125,43380,2023-07-01,0.062000
SD,46125,48380,2022-01-01,0.065000
SD,46125,48380,2023-07-01,0.062000
SD,46125,67020,2022-01-01,0.065000
SD,46125,67020,2023-07-01,0.062000
SD,46127,,2022-01-01,0.045000
SD,46127,,2023-07-01,0.042000
SD,46127,00700,2022-01-01,0.065000
SD,46127,00700,2023-07-01,0.062000
SD,46127,04980,2022-01-01,0.065000
SD,46127,04980,2023-07-01,0.062000
SD,46127,18620,2022-01-01,0.065000
SD,46127,18620,2023-07-01,0.062000
SD,46127,32700,2022-01-01,0.065000
SD,46127,32700,2023-07-01,0.062000
SD,46127,45700,2022-01-01,0.065000
SD,46127,45700,2023-07-01,0.062000
SD,46129,,2022-01-01,0.045000
SD,46129,,2023-07-01,0.042000
SD,46129,00540,2022-01-01,0.065000
SD,46129,00540,2023-07-01,0.062000
SD,46129,24620,2022-01-01,0.065000
SD,46129,24620,2023-07-01,0.062000
SD,46129,32460,2022-01-01,0.065000
SD,46129,32460,2023-07-01,0.062000
SD,46129,43180,2022-01-01,0.065000
SD,46129,43180,2023-07-01,0.062000
SD,46129,58140,2022-01-01,0.065000
SD,46129,58140,2023-07-01,0.062000
SD,46135,,2022-01-01,0.045000
SD,46135,,2023-07-01,0.042000
SD,46135,23900,2022-01-01,0.065000
SD,46135,23900,2023-07-01,0.062000
SD,46135,31940,2022-01-01,0.065000
SD,46135,31940,2023-07-01,0.062000
SD,46135,36540,2022-01-01,0.065000
SD,46135,36540,2023-07-01,0.062000
SD,46135,65780,2022-01-01,0.055000
SD,46135,65780,2023-07-01,0.052000
SD,46135,67780,2022-01-01,0.065000
SD,46135,67780,2023-07-01,0.062000
SD,46135,73060,2022-01-01,0.065000
SD,46135,73060,2023-07-01,0.062000
SD,46137,,2022-01-01,0.045000
SD,46137,,2023-07-01,0.042000
SD,46137,17620,2022-01-01,0.065000
SD,46137,17620,2023-07-01,0.062000
TN,47001,,2022-01-01,0.097500
TN,47003,,2022-01-01,0.097500
TN,47005,,2022-01-01,0.097500
TN,47007,,2022-01-01,0.092500
TN,47009,,2022-01-01,0.097500
TN,47009,77480,2022-01-01,0.092500
TN,47011,,2022-01-01,0.097500
TN,47013,,2022-01-01,0.092500
TN,47015,,2022-01-01,0.087500
TN,47015,,2024-06-01,0.097500
TN,47017,,2022-01-01,0.097500
TN,47019,,2022-01-01,0.097500
TN,47021,,2022-01-01,0.092500
TN,47021,02180,2022-01-01,0.097500
TN,47021,39660,2022-01-01,0.097500
TN,47021,57480,2022-01-01,0.097500
TN,47023,,2022-01-01,0.097500
TN,47025,,2022-01-01,0.092500
TN,47027,,2022-01-01,0.097500
TN,47029,,2022-01-01,0.097500
TN,47031,,2022-01-01,0.097500
TN,47033,,2022-01-01,0.097500
TN,47035,,2022-01-01,0.097500
TN,47037,04620,2022-01-01,0.092500
TN,47037,04620,2025-02-01,0.097500
TN,47037,05140,2022-01-01,0.092500
TN,47037,05140,2025-02-01,0.097500
TN,47037,27020,2022-01-01,0.092500
TN,47037,27020,2025-02-01,0.097500
TN,47037,29920,2022-01-01,0.092500
TN,47037,29920,2025-02-01,0.097500
TN,47037,52006,2022-01-01,0.092500
TN,47037,52006,2025-02-01,0.097500
TN,47037,54780,2022-01-01,0.092500
TN,47037,54780,2025-02-01,0.097500
TN,47037,63140,2022-01-01,0.092500
TN,47037,63140,2025-02-01,0.097500
TN,47039,,2022-01-01,0.095000
TN,47041,,2022-01-01,0.097500
TN,47043,,2022-01-01,0.097500
TN,47045,,2022-01-01,0.097500
TN,47047,,2022-01-01,0.092500
TN,47047,54920,2022-01-01,0.097500
TN,47047,58840,2022-01-01,0.097500
TN,47047,65240,2022-01-01,0.097500
TN,47047,69620,2022-01-01,0.092500
TN,47047,69620,2023-07-01,0.097500
TN,47049,,2022-01-01,0.095000
TN,47051,,2022-01-01,0.092500
TN,47053,,2022-01-01,0.097500
TN,47055,,2022-01-01,0.095000
TN,47055,,2025-02-01,0.097500
TN,47055,61040,2022-01-01,0.097500
TN,47057,,2022-01-01,0.097500
TN,47057,03760,2022-01-01,0.070000
TN,47057,03760,2023-01-01,0.097500
TN,47059,,2022-01-01,0.097500
TN,47061,,2022-01-01,0.092500
TN,47063,,2022-01-01,0.097500
TN,47065,,2022-01-01,0.092500
TN,47067,,2022-01-01,0.090000
TN,47069,,2022-01-01,0.097500
TN,47071,,2022-01-01,0.097500
TN,47073,,2022-01-01,0.097500
TN,47073,03760,2022-01-01,0.070000
TN,47073,03760,2023-01-01,0.097500
TN,47075,,2022-01-01,0.097500
TN,47077,,2022-01-01,0.097500
TN,47079,,2022-01-01,0.097500
TN,47081,,2022-01-01,0.097500
TN,47083,,2022-01-01,0.097500
TN,47085,,2022-01-01,0.097500
TN,47087,,2022-01-01,0.097500
TN,47089,,2022-01-01,0.097500
TN,47091,,2022-01-01,0.085000
TN,47091,,2025-01-01,0.090000
TN,47093,,2022-01-01,0.092500
TN,47095,,2022-01-01,0.097500
TN,47097,,2022-01-01,0.097500
TN,47099,,2022-01-01,0.097500
TN,47101,,2022-01-01,0.095000
TN,47101,,2022-11-01,0.097500
TN,47103,,2022-01-01,0.095000
TN,47105,,2022-01-01,0.090000
TN,47105,43780,2022-01-01,0.095000
TN,47107,,2022-01-01,0.097500
TN,47109,,2022-01-01,0.092500
TN,47111,,2022-01-01,0.097500
TN,47113,,2022-01-01,0.097500
TN,47115,,2022-01-01,0.097500
TN,47117,,2022-01-01,0.092500
TN,47119,,2022-01-01,0.097500
TN,47121,,2022-01-01,0.090000
TN,47123,,2022-01-01,0.092500
TN,47125,,2022-01-01,0.095000
TN,47127,44382,2022-01-01,0.095000
TN,47129,,2022-01-01,0.090000
TN,47129,32520,2022-01-01,0.095000
TN,47129,72140,2022-01-01,0.097500
TN,47129,78100,2022-01-01,0.097500
TN,47131,,2022-01-01,0.097500
TN,47133,,2022-01-01,0.095000
TN,47135,,2022-01-01,0.095000
TN,47137,,2022-01-01,0.097500
TN,47139,,2022-01-01,0.097500
TN,47141,,2022-01-01,0.097500
TN,47143,,2022-01-01,0.097500
TN,47145,,2022-01-01,0.095000
TN,47147,,2022-01-01,0.097500
TN,47149,,2022-01-01,0.097500
TN,47151,,2022-01-01,0.092500
TN,47153,,2022-01-01,0.092500
TN,47153,22000,2022-01-01,0.097500
TN,47155,,2022-01-01,0.097500
TN,47157,,2022-01-01,0.092500
TN,47157,01740,2022-01-01,0.097500
TN,47157,03440,2022-01-01,0.097500
TN,47157,16420,2022-01-01,0.097500
TN,47157,28960,2022-01-01,0.097500
TN,47157,40350,2022-01-01,0.097500
TN,47157,48000,2022-01-01,0.097500
TN,47157,49060,2022-01-01,0.097500
TN,47159,,2022-01-01,0.090000
TN,47159,11280,2022-01-01,0.097500
TN,47159,30120,2022-01-01,0.097500
TN,47161,,2022-01-01,0.092500
TN,47161,21400,2022-01-01,0.097500
TN,47163,,2022-01-01,0.092500
TN,47165,,2022-01-01,0.092500
TN,47165,28540,2022-01-01,0.092500
TN,47165,28540,2025-03-01,0.097500
TN,47165,33280,2022-01-01,0.092500
TN,47165,33280,2024-06-01,0.097500
TN,47167,,2022-01-01,0.092500
TN,47167,02340,2022-01-01,0.097500
TN,47167,17680,2022-01-01,0.097500
TN,47167,51540,2022-01-01,0.097500
TN,47169,32742,2022-01-01,0.092500
TN,47171,,2022-01-01,0.097500
TN,47173,,2022-01-01,0.092500
TN,47175,,2022-01-01,0.097500
TN,47177,,2022-01-01,0.097500
TN,47179,,2022-01-01,0.095000
TN,47181,,2022-01-01,0.097500
TN,47183,,2022-01-01,0.097500
TN,47185,,2022-01-01,0.092500
TN,47185,70180,2022-01-01,0.097500
TN,47187,,2022-01-01,0.097500
TN,47189,,2022-01-01,0.097500
UT,49001,,2022-01-01,0.063500
UT,49001,04060,2022-01-01,0.073500
UT,49003,,2022-01-01,0.061000
UT,49003,,2023-10-01,0.063500
UT,49003,,2025-01-01,0.066500
UT,49003,08460,2022-01-01,0.066500
UT,49003,08460,2023-10-01,0.069000
UT,49003,08460,2024-07-01,0.066500
UT,49003,08460,2025-01-01,0.069500
UT,49003,47840,2022-01-01,0.064000
UT,49003,47840,2023-10-01,0.066500
UT,49003,47840,2025-01-01,0.069500
UT,49003,59390,2022-01-01,0.066500
UT,49003,59390,2023-10-01,0.069000
UT,49003,59390,2024-04-01,0.066500
UT,49003,59390,2025-01-01,0.069500
UT,49003,69970,2022-01-01,0.071000
UT,49003,69970,2023-10-01,0.073500
UT,49003,69970,2025-01-01,0.076500
UT,49003,84710,2022-01-01,0.066500
UT,49003,84710,2023-10-01,0.069000
UT,49003,84710,2024-10-01,0.066500
UT,49003,84710,2025-01-01,0.069500
UT,49005,,2022-01-01,0.067000
UT,49005,,2025-04-01,0.070000
UT,49005,37390,2022-01-01,0.069500
UT,49005,37390,2025-04-01,0.072500
UT,49005,37500,2022-01-01,0.070000
UT,49005,37500,2025-04-01,0.073000
UT,49005,44760,2022-01-01,0.069500
UT,49005,44760,2025-04-01,0.072500
UT,49005,45860,2022-01-01,0.070000
UT,49005,45860,2025-04-01,0.073000
UT,49005,50370,2022-01-01,0.069500
UT,49005,50370,2025-04-01,0.072500
UT,49005,54660,2022-01-01,0.070000
UT,49005,54660,2025-04-01,0.073000
UT,49005,54990,2022-01-01,0.070000
UT,49005,54990,2025-04-01,0.073000
UT,49005,62360,2022-01-01,0.070000
UT,49005,62360,2025-04-01,0.073000
UT,49005,63680,2022-01-01,0.070000
UT,49005,63680,2025-04-01,0.073000
UT,49005,64120,2022-01-01,0.070000
UT,49005,64120,2025-04-01,0.073000
UT,49005,69640,2022-01-01,0.070000
UT,49005,69640,2025-04-01,0.073000
UT,49007,,2022-01-01,0.063500
UT,49007,34530,2022-01-01,0.064500
UT,49007,62030,2022-01-01,0.067500
UT,49007,82510,2022-01-01,0.066500
UT,49009,,2022-01-01,0.073500
UT,49009,,2024-10-01,0.076500
UT,49009,20780,2022-01-01,0.084500
UT,49009,20780,2024-10-01,0.087500
UT,49011,,2022-01-01,0.071500
UT,49011,07690,2022-01-01,0.072500
UT,49011,11980,2022-01-01,0.072500
UT,49011,13850,2022-01-01,0.072500
UT,49011,14290,2022-01-01,0.071500
UT,49011,14290,2024-04-01,0.072500
UT,49011,24740,2022-01-01,0.072500
UT,49011,40360,2022-01-01,0.071500
UT,49011,40360,2022-04-01,0.072500
UT,49011,43660,2022-01-01,0.072500
UT,49011,55210,2022-01-01,0.072500
UT,49011,71180,2022-01-01,0.071500
UT,49011,71180,2022-04-01,0.072500
UT,49011,74810,2022-01-01,0.072500
UT,49011,82840,2022-01-01,0.072500
UT,49011,85370,2022-01-01,0.072500
UT,49013,,2022-01-01,0.063500
UT,49013,20340,2022-01-01,0.064500
UT,49013,64670,2022-01-01,0.067500
UT,49015,,2022-01-01,0.063500
UT,49015,31670,2022-01-01,0.082500
UT,49017,,2022-01-01,0.071000
UT,49017,,2023-10-01,0.073500
UT,49017,07470,2022-01-01,0.081000
UT,49017,07470,2023-10-01,0.083500
UT,49017,08787,2022-01-01,0.083000
UT,49017,08787,2023-10-01,0.085500
UT,49017,23750,2022-01-01,0.082000
UT,49017,23750,2023-10-01,0.084500
UT,49017,33760,2022-01-01,0.071000
UT,49017,33760,2023-10-01,0.073500
UT,49017,33760,2025-04-01,0.084500
UT,49017,57740,2022-01-01,0.081000
UT,49017,57740,2023-10-01,0.083500
UT,49017,77560,2022-01-01,0.081000
UT,49017,77560,2023-10-01,0.083500
UT,49019,,2022-01-01,0.068500
UT,49019,,2026-04-01,0.073500
UT,49019,50700,2022-01-01,0.088500
UT,49019,50700,2026-04-01,0.093500
UT,49021,,2022-01-01,0.061000
UT,49021,,2023-10-01,0.063500
UT,49021,,2024-07-01,0.066500
UT,49021,08020,2022-01-01,0.081000
UT,49021,08020,2023-10-01,0.083500
UT,49021,08020,2024-07-01,0.086500
UT,49021,11320,2022-01-01,0.062000
UT,49021,11320,2023-10-01,0.064500
UT,49021,11320,2024-07-01,0.067500
UT,49021,58510,2022-01-01,0.061000
UT,49021,58510,2023-10-01,0.063500
UT,49021,58510,2024-04-01,0.064500
UT,49021,58510,2024-07-01,0.067500
UT,49023,,2022-01-01,0.061000
UT,49023,,2023-10-01,0.063500
UT,49023,,2025-01-01,0.066500
UT,49023,24080,2022-01-01,0.061000
UT,49023,24080,2023-10-01,0.063500
UT,49023,24080,2024-10-01,0.066500
UT,49023,24080,2025-01-01,0.069500
UT,49023,51140,2022-01-01,0.061000
UT,49023,51140,2022-04-01,0.062000
UT,49023,51140,2023-07-01,0.065000
UT,49023,51140,2023-10-01,0.067500
UT,49023,51140,2025-01-01,0.070500
UT,49023,54220,2022-01-01,0.065000
UT,49023,54220,2023-10-01,0.067500
UT,49023,54220,2025-01-01,0.070500
UT,49025,,2022-01-01,0.071000
UT,49025,,2023-10-01,0.073500
UT,49025,05534,2022-01-01,0.071000
UT,49025,05534,2023-10-01,0.073500
UT,49025,05534,2024-10-01,0.084500
UT,49025,05534,2025-04-01,0.073500
UT,49025,05534,2026-01-01,0.084500
UT,49025,39920,2022-01-01,0.082000
UT,49025,39920,2023-10-01,0.084500
UT,49025,57080,2022-01-01,0.081000
UT,49025,57080,2023-10-01,0.083500
UT,49027,,2022-01-01,0.063500
UT,49027,18910,2022-01-01,0.063500
UT,49027,18910,2026-10-01,0.066500
UT,49027,25510,2022-01-01,0.064500
UT,49027,25510,2023-07-01,0.067500
UT,49027,67880,2022-01-01,0.063500
UT,49027,67880,2025-01-01,0.066500
UT,49029,,2022-01-01,0.062000
UT,49029,,2023-04-01,0.067000
UT,49029,51910,2022-01-01,0.064500
UT,49029,51910,2023-04-01,0.069500
UT,49031,,2022-01-01,0.061000
UT,49031,,2023-10-01,0.063500
UT,49033,,2022-01-01,0.063500
UT,49033,,2025-07-01,0.066500
UT,49033,27930,2022-01-01,0.079500
UT,49033,27930,2025-07-01,0.082500
UT,49035,,2022-01-01,0.072500
UT,49035,,2025-07-01,0.074500
UT,49035,00650,2022-01-01,0.087500
UT,49035,00650,2023-10-01,0.088500
UT,49035,00650,2025-07-01,0.090500
UT,49035,08570,2022-01-01,0.083500
UT,49035,08570,2025-07-01,0.085500
UT,49035,53230,2022-01-01,0.074500
UT,49035,53230,2025-07-01,0.076500
UT,49035,67000,2022-01-01,0.077500
UT,49035,67000,2025-01-01,0.082500
UT,49035,67000,2025-07-01,0.084500
UT,49035,71070,2022-01-01,0.074500
UT,49035,71070,2025-07-01,0.076500
UT,49037,,2022-01-01,0.063500
UT,49037,06370,2022-01-01,0.067500
UT,49037,06700,2022-01-01,0.074500
UT,49037,51580,2022-01-01,0.067500
UT,49037,51580,2026-01-01,0.066500
UT,49039,,2022-01-01,0.063500
UT,49039,11870,2022-01-01,0.064500
UT,49039,23530,2022-01-01,0.067500
UT,49039,24630,2022-01-01,0.067500
UT,49039,32660,2022-01-01,0.067500
UT,49039,47730,2022-01-01,0.063500
UT,49039,47730,2022-10-01,0.066500
UT,49039,48720,2022-01-01,0.064500
UT,49039,53010,2022-01-01,0.066500
UT,49039,53010,2022-04-01,0.067500
UT,49039,72940,2022-01-01,0.063500
UT,49039,72940,2025-01-01,0.066500
UT,49041,,2022-01-01,0.063500
UT,49041,,2025-04-01,0.066500
UT,49041,02740,2022-01-01,0.064500
UT,49041,02740,2025-04-01,0.067500
UT,49041,41680,2022-01-01,0.063500
UT,49041,41680,2024-10-01,0.066500
UT,49041,41680,2025-04-01,0.069500
UT,49041,51360,2022-01-01,0.063500
UT,49041,51360,2022-10-01,0.066500
UT,49041,51360,2025-04-01,0.069500
UT,49041,63240,2022-01-01,0.064500
UT,49041,63240,2025-04-01,0.067500
UT,49041,63570,2022-01-01,0.067500
UT,49041,63570,2025-04-01,0.070500
UT,49041,65880,2022-01-01,0.067500
UT,49041,65880,2025-04-01,0.070500
UT,49041,68650,2022-01-01,0.063500
UT,49041,68650,2025-04-01,0.066500
UT,49041,68650,2026-07-01,0.069500
UT,49043,,2022-01-01,0.071500
UT,49043,,2025-07-01,0.076500
UT,49043,58070,2022-01-01,0.090500
UT,49043,58070,2025-07-01,0.095500
UT,49045,,2022-01-01,0.066000
UT,49045,23640,2022-01-01,0.069000
UT,49045,23640,2022-07-01,0.066000
UT,49045,31120,2022-01-01,0.069000
UT,49045,31120,2023-04-01,0.070000
UT,49045,72720,2022-01-01,0.069000
UT,49045,73050,2022-01-01,0.066000
UT,49045,73050,2026-07-01,0.076000
UT,49045,76680,2022-01-01,0.070000
UT,49047,,2022-01-01,0.064500
UT,49047,53560,2022-01-01,0.069500
UT,49047,80090,2022-01-01,0.069500
UT,49049,,2022-01-01,0.071500
UT,49049,,2024-01-01,0.073500
UT,49049,00540,2022-01-01,0.071500
UT,49049,00540,2024-01-01,0.073500
UT,49049,00540,2024-04-01,0.074500
UT,49049,01310,2022-01-01,0.072500
UT,49049,01310,2024-01-01,0.074500
UT,49049,11440,2022-01-01,0.072500
UT,49049,11440,2024-01-01,0.074500
UT,49049,20810,2022-01-01,0.071500
UT,49049,20810,2024-01-01,0.073500
UT,49049,20810,2026-04-01,0.074500
UT,49049,35190,2022-01-01,0.071500
UT,49049,35190,2022-04-01,0.072500
UT,49049,35190,2024-01-01,0.074500
UT,49049,44320,2022-01-01,0.071500
UT,49049,44320,2022-04-01,0.072500
UT,49049,44320,2024-01-01,0.074500
UT,49049,45090,2022-01-01,0.072500
UT,49049,45090,2024-01-01,0.074500
UT,49049,47950,2022-01-01,0.071500
UT,49049,47950,2024-01-01,0.073500
UT,49049,47950,2025-04-01,0.074500
UT,49049,57300,2022-01-01,0.072500
UT,49049,57300,2024-01-01,0.074500
UT,49049,58730,2022-01-01,0.072500
UT,49049,58730,2024-01-01,0.074500
UT,49049,60930,2022-01-01,0.072500
UT,49049,60930,2024-01-01,0.074500
UT,49049,62470,2022-01-01,0.072500
UT,49049,62470,2024-01-01,0.074500
UT,49049,67770,2022-01-01,0.072500
UT,49049,67770,2024-01-01,0.074500
UT,49049,67825,2022-01-01,0.071500
UT,49049,67825,2024-01-01,0.073500
UT,49049,67825,2025-04-01,0.074500
UT,49049,71290,2022-01-01,0.072500
UT,49049,71290,2024-01-01,0.074500
UT,49049,72280,2022-01-01,0.071500
UT,49049,72280,2022-04-01,0.072500
UT,49049,72280,2024-01-01,0.074500
UT,49049,80420,2022-01-01,0.072500
UT,49049,80420,2024-01-01,0.074500
UT,49051,,2022-01-01,0.061000
UT,49051,,2022-10-01,0.063500
UT,49051,,2023-04-01,0.064500
UT,49051,,2024-04-01,0.069500
UT,49051,,2025-01-01,0.072500
UT,49051,34200,2022-01-01,0.064000
UT,49051,34200,2022-10-01,0.066500
UT,49051,34200,2023-04-01,0.067500
UT,49051,34200,2024-04-01,0.072500
UT,49051,34200,2025-01-01,0.075500
UT,49051,37690,2022-01-01,0.072000
UT,49051,37690,2022-10-01,0.074500
UT,49051,37690,2023-04-01,0.075500
UT,49051,37690,2024-04-01,0.080500
UT,49051,37690,2025-01-01,0.083500
UT,49051,49820,2022-01-01,0.075000
UT,49051,49820,2022-10-01,0.077500
UT,49051,49820,2023-04-01,0.078500
UT,49051,49820,2024-04-01,0.083500
UT,49051,49820,2025-01-01,0.086500
UT,49053,,2022-01-01,0.064500
UT,49053,35300,2022-01-01,0.064500
UT,49053,35300,2026-10-01,0.067800
UT,49053,37170,2022-01-01,0.067500
UT,49053,37170,2026-04-01,0.070800
UT,49053,38710,2022-01-01,0.067500
UT,49053,43440,2022-01-01,0.067500
UT,49053,43440,2026-04-01,0.070800
UT,49053,44100,2022-01-01,0.064500
UT,49053,44100,2026-04-01,0.067800
UT,49053,64560,2022-01-01,0.064500
UT,49053,64560,2026-04-01,0.067800
UT,49053,65330,2022-01-01,0.067500
UT,49053,67660,2022-01-01,0.067500
UT,49053,71840,2022-01-01,0.080500
UT,49053,71840,2026-04-01,0.083800
UT,49053,76900,2022-01-01,0.064500
UT,49053,76900,2026-04-01,0.067800
UT,49053,76900,2026-10-01,0.070800
UT,49053,80530,2022-01-01,0.074500
UT,49053,80530,2026-04-01,0.077800
UT,49053,81960,2022-01-01,0.067500
UT,49053,81960,2026-10-01,0.070800
UT,49055,,2022-01-01,0.061000
UT,49055,,2023-10-01,0.063500
UT,49055,,2025-07-01,0.076500
UT,49055,05490,2022-01-01,0.061000
UT,49055,05490,2023-10-01,0.066500
UT,49055,05490,2025-07-01,0.079500
UT,49055,33100,2022-01-01,0.061000
UT,49055,33100,2023-10-01,0.063500
UT,49055,33100,2025-07-01,0.076500
UT,49055,33100,2026-10-01,0.090500
UT,49055,45530,2022-01-01,0.061000
UT,49055,45530,2023-10-01,0.063500
UT,49055,45530,2024-10-01,0.066500
UT,49055,45530,2025-07-01,0.079500
UT,49055,77010,2022-01-01,0.061000
UT,49055,77010,2023-10-01,0.063500
UT,49055,77010,2024-10-01,0.066500
UT,49055,77010,2025-07-01,0.079500
UT,49055,77010,2026-01-01,0.090500
UT,49057,,2022-01-01,0.072500
UT,49057,,2026-10-01,0.074500
UT,49057,37060,2022-01-01,0.072500
UT,49057,37060,2025-04-01,0.082500
UT,49057,37060,2026-10-01,0.084500
UT,49057,64010,2022-01-01,0.074500
UT,49057,64010,2026-10-01,0.076500
VT,50001,,2022-01-01,0.060059
VT,50001,,2022-10-01,0.060091
VT,50001,,2023-01-01,0.060621
VT,50001,,2026-07-01,0.061378
VT,50001,08950,2022-01-01,0.060059
VT,50001,08950,2022-10-01,0.060091
VT,50001,08950,2023-01-01,0.060000
VT,50001,08950,2026-07-01,0.070000
VT,50001,21700,2022-01-01,0.060059
VT,50001,21700,2022-10-01,0.060091
VT,50001,21700,2023-01-01,0.070000
VT,50001,40000,2022-01-01,0.060059
VT,50001,40000,2022-10-01,0.060091
VT,50001,40000,2023-01-01,0.060000
VT,50001,44275,2022-01-01,0.070000
VT,50001,44275,2023-01-01,0.069874
VT,50001,48550,2022-01-01,0.060059
VT,50001,48550,2022-10-01,0.060091
VT,50001,48550,2023-01-01,0.060000
VT,50001,67150,2022-01-01,0.060059
VT,50001,67150,2022-10-01,0.060091
VT,50001,67150,2023-01-01,0.060000
VT,50001,74650,2022-01-01,0.060059
VT,50001,74650,2022-10-01,0.060091
VT,50001,74650,2023-01-01,0.060000
VT,50001,74650,2026-07-01,0.070000
VT,50003,,2022-01-01,0.060603
VT,50003,,2022-10-01,0.060633
VT,50003,,2023-01-01,0.061367
VT,50003,,2026-10-01,0.061647
VT,50003,01375,2022-01-01,0.060059
VT,50003,01375,2022-10-01,0.060091
VT,50003,01375,2023-01-01,0.060000
VT,50003,04750,2022-01-01,0.060059
VT,50003,04750,2022-10-01,0.060091
VT,50003,04750,2023-01-01,0.060000
VT,50003,17650,2022-01-01,0.060059
VT,50003,17650,2022-10-01,0.060091
VT,50003,17650,2023-01-01,0.060000
VT,50003,20350,2022-01-01,0.060059
VT,50003,20350,2022-10-01,0.060091
VT,50003,20350,2023-01-01,0.060000
VT,50003,42700,2022-01-01,0.070000
VT,50003,42925,2022-01-01,0.060059
VT,50003,42925,2022-10-01,0.060091
VT,50003,42925,2023-01-01,0.070000
VT,50003,49075,2022-01-01,0.060059
VT,50003,49075,2022-10-01,0.060091
VT,50003,49075,2023-01-01,0.060000
VT,50003,51325,2022-01-01,0.060059
VT,50003,51325,2022-10-01,0.060091
VT,50003,51325,2023-01-01,0.060000
VT,50003,53125,2022-01-01,0.060059
VT,50003,53125,2022-10-01,0.060091
VT,50003,53125,2023-01-01,0.060000
VT,50003,56950,2022-01-01,0.060059
VT,50003,56950,2022-10-01,0.060091
VT,50003,56950,2023-01-01,0.060000
VT,50003,57100,2022-01-01,0.060059
VT,50003,57100,2022-10-01,0.060091
VT,50003,57100,2023-01-01,0.060000
VT,50003,58525,2022-01-01,0.060059
VT,50003,58525,2022-10-01,0.060091
VT,50003,58525,2023-01-01,0.060000
VT,50003,68200,2022-01-01,0.060059
VT,50003,68200,2022-10-01,0.060091
VT,50003,68200,2023-01-01,0.060000
VT,50003,69700,2022-01-01,0.060059
VT,50003,69700,2022-10-01,0.060091
VT,50003,69700,2023-01-01,0.060000
VT,50003,70825,2022-01-01,0.070000
VT,50005,,2022-01-01,0.060059
VT,50005,,2022-10-01,0.060091
VT,50005,,2023-01-01,0.060000
VT,50007,,2022-01-01,0.062589
VT,50007,,2022-10-01,0.062612
VT,50007,,2023-01-01,0.064011
VT,50007,,2023-07-01,0.064235
VT,50007,06475,2022-01-01,0.060059
VT,50007,06475,2022-10-01,0.060091
VT,50007,06475,2023-01-01,0.060000
VT,50007,06700,2022-01-01,0.060059
VT,50007,06700,2022-10-01,0.060091
VT,50007,06700,2023-01-01,0.060000
VT,50007,10675,2022-01-01,0.070000
VT,50007,19975,2022-01-01,0.060059
VT,50007,19975,2022-10-01,0.060091
VT,50007,19975,2023-01-01,0.060000
VT,50007,24400,2022-01-01,0.060059
VT,50007,24400,2022-10-01,0.070000
VT,50007,31600,2022-01-01,0.060059
VT,50007,31600,2022-10-01,0.060091
VT,50007,31600,2023-01-01,0.060000
VT,50007,33400,2022-01-01,0.060059
VT,50007,33400,2022-10-01,0.060091
VT,50007,33400,2023-01-01,0.060000
VT,50007,34525,2022-01-01,0.060059
VT,50007,34525,2022-10-01,0.060091
VT,50007,34525,2023-01-01,0.060000
VT,50007,34675,2022-01-01,0.060059
VT,50007,34675,2022-10-01,0.060091
VT,50007,34675,2023-01-01,0.060000
VT,50007,36625,2022-01-01,0.060059
VT,50007,36625,2022-10-01,0.060091
VT,50007,36625,2023-01-01,0.060000
VT,50007,45175,2022-01-01,0.060059
VT,50007,45175,2022-10-01,0.060091
VT,50007,45175,2023-01-01,0.060000
VT,50007,59200,2022-01-01,0.060059
VT,50007,59200,2022-10-01,0.060091
VT,50007,59200,2023-01-01,0.060000
VT,50007,62046,2022-01-01,0.060059
VT,50007,62046,2022-10-01,0.060091
VT,50007,62046,2023-01-01,0.060000
VT,50007,64225,2022-01-01,0.060059
VT,50007,64225,2022-10-01,0.060091
VT,50007,64225,2023-01-01,0.060000
VT,50007,64225,2023-07-01,0.070000
VT,50007,66175,2022-01-01,0.070000
VT,50007,74050,2022-01-01,0.060059
VT,50007,74050,2022-10-01,0.060091
VT,50007,74050,2023-01-01,0.060000
VT,50007,74125,2022-01-01,0.060059
VT,50007,74125,2022-10-01,0.060091
VT,50007,74125,2023-01-01,0.060000
VT,50007,79335,2022-01-01,0.060059
VT,50007,79335,2022-10-01,0.060091
VT,50007,79335,2023-01-01,0.060000
VT,50007,80275,2022-01-01,0.060059
VT,50007,80275,2022-10-01,0.060091
VT,50007,80275,2023-01-01,0.060000
VT,50007,85150,2022-01-01,0.070000
VT,50009,,2022-01-01,0.060059
VT,50009,,2022-10-01,0.060091
VT,50009,,2023-01-01,0.060000
VT,50011,,2022-01-01,0.061966
VT,50011,,2022-10-01,0.061991
VT,50011,,2023-01-01,0.061918
VT,50011,,2026-07-01,0.063118
VT,50011,02425,2022-01-01,0.060059
VT,50011,02425,2022-10-01,0.060091
VT,50011,02425,2023-01-01,0.060000
VT,50011,24025,2022-01-01,0.060059
VT,50011,24025,2022-10-01,0.060091
VT,50011,24025,2023-01-01,0.060000
VT,50011,24850,2022-01-01,0.060059
VT,50011,24850,2022-10-01,0.060091
VT,50011,24850,2023-01-01,0.060000
VT,50011,33175,2022-01-01,0.060059
VT,50011,33175,2022-10-01,0.060091
VT,50011,33175,2023-01-01,0.060000
VT,50011,33325,2022-01-01,0.060059
VT,50011,33325,2022-10-01,0.060091
VT,50011,33325,2023-01-01,0.060000
VT,50011,59050,2022-01-01,0.060059
VT,50011,59050,2022-10-01,0.060091
VT,50011,59050,2023-01-01,0.060000
VT,50011,61675,2022-01-01,0.070000
VT,50011,71650,2022-01-01,0.060059
VT,50011,71650,2022-10-01,0.060091
VT,50011,71650,2023-01-01,0.060000
VT,50011,71650,2026-07-01,0.070000
VT,50013,,2022-01-01,0.060059
VT,50013,,2022-10-01,0.060091
VT,50013,,2023-01-01,0.060000
VT,50015,,2022-01-01,0.060059
VT,50015,,2022-10-01,0.060091
VT,50015,,2023-01-01,0.060000
VT,50015,,2023-07-01,0.062308
VT,50015,,2026-07-01,0.063985
VT,50015,11425,2022-01-01,0.060059
VT,50015,11425,2022-10-01,0.060091
VT,50015,11425,2023-01-01,0.060000
VT,50015,34975,2022-01-01,0.060059
VT,50015,34975,2022-10-01,0.060091
VT,50015,34975,2023-01-01,0.060000
VT,50015,36475,2022-01-01,0.060059
VT,50015,36475,2022-10-01,0.060091
VT,50015,36475,2023-01-01,0.060000
VT,50015,37000,2022-01-01,0.060059
VT,50015,37000,2022-10-01,0.060091
VT,50015,37000,2023-01-01,0.060000
VT,50015,46825,2022-01-01,0.060059
VT,50015,46825,2022-10-01,0.060091
VT,50015,46825,2023-01-01,0.060000
VT,50015,46825,2026-07-01,0.070000
VT,50015,50725,2022-01-01,0.060059
VT,50015,50725,2022-10-01,0.060091
VT,50015,50725,2023-01-01,0.060000
VT,50015,70450,2022-01-01,0.060059
VT,50015,70450,2022-10-01,0.060091
VT,50015,70450,2023-01-01,0.060000
VT,50015,70450,2023-07-01,0.070000
VT,50015,85300,2022-01-01,0.060059
VT,50015,85300,2022-10-01,0.060091
VT,50015,85300,2023-01-01,0.060000
VT,50017,,2022-01-01,0.060059
VT,50017,,2022-10-01,0.060091
VT,50017,,2023-01-01,0.060000
VT,50019,,2022-01-01,0.060059
VT,50019,,2022-10-01,0.060091
VT,50019,,2023-01-01,0.060000
VT,50021,,2022-01-01,0.060870
VT,50021,,2022-10-01,0.060898
VT,50021,,2023-01-01,0.062121
VT,50021,,2026-07-01,0.062684
VT,50021,05125,2022-01-01,0.060059
VT,50021,05125,2022-10-01,0.060091
VT,50021,05125,2023-01-01,0.060000
VT,50021,07675,2022-01-01,0.070000
VT,50021,11875,2022-01-01,0.060059
VT,50021,11875,2022-10-01,0.060091
VT,50021,11875,2023-01-01,0.060000
VT,50021,12062,2022-01-01,0.060059
VT,50021,12062,2022-10-01,0.060091
VT,50021,12062,2023-01-01,0.060000
VT,50021,14275,2022-01-01,0.060059
VT,50021,14275,2022-10-01,0.060091
VT,50021,14275,2023-01-01,0.060000
VT,50021,16750,2022-01-01,0.060059
VT,50021,16750,2022-10-01,0.060091
VT,50021,16750,2023-01-01,0.060000
VT,50021,22300,2022-01-01,0.060059
VT,50021,22300,2022-10-01,0.060091
VT,50021,22300,2023-01-01,0.060000
VT,50021,25450,2022-01-01,0.060059
VT,50021,25450,2022-10-01,0.060091
VT,50021,25450,2023-01-01,0.060000
VT,50021,25450,2026-07-01,0.070000
VT,50021,37750,2022-01-01,0.060059
VT,50021,37750,2022-10-01,0.060091
VT,50021,37750,2023-01-01,0.060000
VT,50021,44725,2022-01-01,0.060059
VT,50021,44725,2022-10-01,0.060091
VT,50021,44725,2023-01-01,0.060000
VT,50021,49450,2022-01-01,0.060059
VT,50021,49450,2022-10-01,0.060091
VT,50021,49450,2023-01-01,0.061949
VT,50021,54175,2022-01-01,0.060059
VT,50021,54175,2022-10-01,0.060091
VT,50021,54175,2023-01-01,0.060000
VT,50021,55525,2022-01-01,0.060059
VT,50021,55525,2022-10-01,0.060091
VT,50021,55525,2023-01-01,0.060000
VT,50021,56800,2022-01-01,0.060059
VT,50021,56800,2022-10-01,0.060091
VT,50021,56800,2023-01-01,0.060000
VT,50021,57246,2022-01-01,0.060059
VT,50021,57246,2022-10-01,0.060091
VT,50021,57246,2023-01-01,0.060000
VT,50021,61225,2022-01-01,0.070000
VT,50021,61225,2023-01-01,0.060000
VT,50021,61225,2023-07-01,0.070000
VT,50021,75850,2022-01-01,0.060059
VT,50021,75850,2022-10-01,0.060091
VT,50021,75850,2023-01-01,0.060000
VT,50021,77875,2022-01-01,0.060059
VT,50021,77875,2022-10-01,0.060091
VT,50021,77875,2023-01-01,0.060000
VT,50021,82150,2022-01-01,0.060059
VT,50021,82150,2022-10-01,0.060091
VT,50021,82150,2023-01-01,0.060000
VT,50021,82375,2022-01-01,0.060059
VT,50021,82375,2022-10-01,0.060091
VT,50021,82375,2023-01-01,0.060000
VT,50023,,2022-01-01,0.060059
VT,50023,,2022-10-01,0.060091
VT,50023,,2023-01-01,0.060000
VT,50023,,2024-07-01,0.060938
VT,50023,,2025-01-01,0.061815
VT,50023,,2026-07-01,0.062282
VT,50023,03175,2022-01-01,0.060000
VT,50023,03175,2022-10-01,0.069977
VT,50023,03175,2023-01-01,0.070000
VT,50023,11050,2022-01-01,0.060059
VT,50023,11050,2022-10-01,0.060091
VT,50023,11050,2023-01-01,0.060000
VT,50023,19075,2022-01-01,0.060059
VT,50023,19075,2022-10-01,0.060091
VT,50023,19075,2023-01-01,0.060000
VT,50023,21850,2022-01-01,0.060059
VT,50023,21850,2022-10-01,0.060091
VT,50023,21850,2023-01-01,0.060000
VT,50023,29425,2022-01-01,0.060059
VT,50023,29425,2022-10-01,0.060091
VT,50023,29425,2023-01-01,0.060000
VT,50023,43525,2022-01-01,0.060059
VT,50023,43525,2022-10-01,0.060091
VT,50023,43525,2023-01-01,0.060000
VT,50023,46000,2022-01-01,0.060059
VT,50023,46000,2022-10-01,0.060091
VT,50023,46000,2023-01-01,0.060000
VT,50023,46000,2025-07-01,0.070000
VT,50023,50200,2022-01-01,0.060059
VT,50023,50200,2022-10-01,0.060091
VT,50023,50200,2023-01-01,0.060000
VT,50023,55750,2022-01-01,0.060059
VT,50023,55750,2022-10-01,0.060091
VT,50023,55750,2023-01-01,0.060000
VT,50023,66025,2022-01-01,0.060059
VT,50023,66025,2022-10-01,0.060091
VT,50023,66025,2023-01-01,0.060000
VT,50023,75250,2022-01-01,0.060059
VT,50023,75250,2022-10-01,0.060091
VT,50023,75250,2023-01-01,0.060000
VT,50023,75250,2026-07-01,0.070000
VT,50023,76900,2022-01-01,0.060059
VT,50023,76900,2022-10-01,0.060091
VT,50023,76900,2023-01-01,0.060000
VT,50023,76900,2024-07-01,0.070000
VT,50023,77050,2022-01-01,0.060059
VT,50023,77050,2022-10-01,0.060091
VT,50023,77050,2023-01-01,0.060000
VT,50023,77050,2024-07-01,0.070000
VT,50023,77800,2022-01-01,0.060059
VT,50023,77800,2022-10-01,0.060091
VT,50023,77800,2023-01-01,0.060000
VT,50023,86050,2022-01-01,0.060059
VT,50023,86050,2022-10-01,0.060091
VT,50023,86050,2023-01-01,0.060000
VT,50025,,2022-01-01,0.060059
VT,50025,,2022-10-01,0.060091
VT,50025,,2023-01-01,0.061945
VT,50025,,2025-07-01,0.062540
VT,50025,01035,2022-01-01,0.060059
VT,50025,01035,2022-10-01,0.060091
VT,50025,01035,2023-01-01,0.060000
VT,50025,04225,2022-01-01,0.060059
VT,50025,04225,2022-10-01,0.060091
VT,50025,04225,2023-01-01,0.060000
VT,50025,07975,2022-01-01,0.070000
VT,50025,13860,2022-01-01,0.060059
VT,50025,13860,2022-10-01,0.060091
VT,50025,13860,2023-01-01,0.070000
VT,50025,28825,2022-01-01,0.060059
VT,50025,28825,2022-10-01,0.060091
VT,50025,28825,2023-01-01,0.060000
VT,50025,32050,2022-01-01,0.060059
VT,50025,32050,2022-10-01,0.060091
VT,50025,32050,2023-01-01,0.060000
VT,50025,36025,2022-01-01,0.060059
VT,50025,36025,2022-10-01,0.060091
VT,50025,36025,2023-01-01,0.060000
VT,50025,36100,2022-01-01,0.060059
VT,50025,36100,2022-10-01,0.060091
VT,50025,36100,2023-01-01,0.060000
VT,50025,40150,2022-01-01,0.060059
VT,50025,40150,2022-10-01,0.060091
VT,50025,40150,2023-01-01,0.060000
VT,50025,48325,2022-01-01,0.060059
VT,50025,48325,2022-10-01,0.060091
VT,50025,48325,2023-01-01,0.060000
VT,50025,52375,2022-01-01,0.060059
VT,50025,52375,2022-10-01,0.060091
VT,50025,52375,2023-01-01,0.060000
VT,50025,57625,2022-01-01,0.060059
VT,50025,57625,2022-10-01,0.060091
VT,50025,57625,2023-01-01,0.060000
VT,50025,62950,2022-01-01,0.060059
VT,50025,62950,2022-10-01,0.060091
VT,50025,62950,2023-01-01,0.060000
VT,50025,67225,2022-01-01,0.060059
VT,50025,67225,2022-10-01,0.060091
VT,50025,67225,2023-01-01,0.060000
VT,50025,70825,2022-01-01,0.060059
VT,50025,70825,2022-10-01,0.060091
VT,50025,70825,2023-01-01,0.070000
VT,50025,73225,2022-01-01,0.060059
VT,50025,73225,2022-10-01,0.060091
VT,50025,73225,2023-01-01,0.060000
VT,50025,76150,2022-01-01,0.060059
VT,50025,76150,2022-10-01,0.060091
VT,50025,76150,2023-01-01,0.060000
VT,50025,78850,2022-01-01,0.060059
VT,50025,78850,2022-10-01,0.060091
VT,50025,78850,2023-01-01,0.070000
VT,50025,79750,2022-01-01,0.060059
VT,50025,79750,2022-10-01,0.060091
VT,50025,79750,2023-01-01,0.060000
VT,50025,81325,2022-01-01,0.060059
VT,50025,81325,2022-10-01,0.060091
VT,50025,81325,2023-01-01,0.060000
VT,50025,83875,2022-01-01,0.060059
VT,50025,83875,2022-10-01,0.060091
VT,50025,83875,2023-01-01,0.060000
VT,50025,84625,2022-01-01,0.070000
VT,50027,,2022-01-01,0.060053
VT,50027,,2022-10-01,0.060082
VT,50027,,2023-01-01,0.060000
VT,50027,,2024-07-01,0.060448
VT,50027,,2025-07-01,0.061825
VT,50027,,2026-07-01,0.062083
VT,50027,01750,2022-01-01,0.060059
VT,50027,01750,2022-10-01,0.060091
VT,50027,01750,2023-01-01,0.060000
VT,50027,05725,2022-01-01,0.060059
VT,50027,05725,2022-10-01,0.060091
VT,50027,05725,2023-01-01,0.060000
VT,50027,12175,2022-01-01,0.060059
VT,50027,12175,2022-10-01,0.060091
VT,50027,12175,2023-01-01,0.060000
VT,50027,13600,2022-01-01,0.060059
VT,50027,13600,2022-10-01,0.060091
VT,50027,13600,2023-01-01,0.060000
VT,50027,32205,2022-01-01,0.060000
VT,50027,32205,2025-07-01,0.070000
VT,50027,32350,2022-01-01,0.060059
VT,50027,32350,2022-10-01,0.060091
VT,50027,32350,2023-01-01,0.060000
VT,50027,41200,2022-01-01,0.060059
VT,50027,41200,2022-10-01,0.060091
VT,50027,41200,2023-01-01,0.060000
VT,50027,41200,2025-07-01,0.070000
VT,50027,50500,2022-01-01,0.060059
VT,50027,50500,2022-10-01,0.060091
VT,50027,50500,2023-01-01,0.060000
VT,50027,51925,2022-01-01,0.060059
VT,50027,51925,2022-10-01,0.060091
VT,50027,51925,2023-01-01,0.060000
VT,50027,52825,2022-01-01,0.060059
VT,50027,52825,2022-10-01,0.060091
VT,50027,52825,2023-01-01,0.060000
VT,50027,54850,2022-01-01,0.060059
VT,50027,54850,2022-10-01,0.060091
VT,50027,54850,2023-01-01,0.060000
VT,50027,57400,2022-01-01,0.060059
VT,50027,57400,2022-10-01,0.060091
VT,50027,57400,2023-01-01,0.060000
VT,50027,57775,2022-01-01,0.060000
VT,50027,57775,2025-07-01,0.070000
VT,50027,60025,2022-01-01,0.060059
VT,50027,60025,2022-10-01,0.060091
VT,50027,60025,2023-01-01,0.060000
VT,50027,68050,2022-01-01,0.060059
VT,50027,68050,2022-10-01,0.060091
VT,50027,68050,2023-01-01,0.060000
VT,50027,69250,2022-01-01,0.060059
VT,50027,69250,2022-10-01,0.060091
VT,50027,69250,2023-01-01,0.060000
VT,50027,69250,2024-07-01,0.070000
VT,50027,69475,2022-01-01,0.060059
VT,50027,69475,2022-10-01,0.060091
VT,50027,69475,2023-01-01,0.060000
VT,50027,81925,2022-01-01,0.060059
VT,50027,81925,2022-10-01,0.060091
VT,50027,81925,2023-01-01,0.060000
VT,50027,83125,2022-01-01,0.060059
VT,50027,83125,2022-10-01,0.060091
VT,50027,83125,2023-01-01,0.060000
VT,50027,83125,2024-07-01,0.070000
VT,50027,83575,2022-01-01,0.060000
VT,50027,83575,2025-07-01,0.070000
VT,50027,84025,2022-01-01,0.060000
VT,50027,84025,2025-07-01,0.070000
VT,50027,85000,2022-01-01,0.060059
VT,50027,85000,2022-10-01,0.060091
VT,50027,85000,2023-01-01,0.060000
VT,50027,85900,2022-01-01,0.060059
VT,50027,85900,2022-10-01,0.060091
VT,50027,85900,2023-01-01,0.060000
VT,50027,85900,2024-07-01,0.070000
VA,51001,,2022-01-01,0.053000
VA,51003,,2022-01-01,0.053000
VA,51005,,2022-01-01,0.053000
VA,51007,,2022-01-01,0.053000
VA,51009,,2022-01-01,0.053000
VA,51011,,2022-01-01,0.053000
VA,51013,03000,2022-01-01,0.060000
VA,51015,,2022-01-01,0.053000
VA,51017,,2022-01-01,0.053000
VA,51019,,2022-01-01,0.053000
VA,51021,,2022-01-01,0.053000
VA,51023,,2022-01-01,0.053000
VA,51025,,2022-01-01,0.053000
VA,51027,,2022-01-01,0.053000
VA,51029,,2022-01-01,0.053000
VA,51031,,2022-01-01,0.053000
VA,51033,,2022-01-01,0.053000
VA,51035,,2022-01-01,0.053000
VA,51036,,2022-01-01,0.060000
VA,51037,,2022-01-01,0.063000
VA,51041,,2022-01-01,0.060000
VA,51043,,2022-01-01,0.053000
VA,51045,,2022-01-01,0.053000
VA,51047,,2022-01-01,0.053000
VA,51049,,2022-01-01,0.053000
VA,51051,,2022-01-01,0.053000
VA,51053,,2022-01-01,0.053000
VA,51057,,2022-01-01,0.053000
VA,51059,,2022-01-01,0.060000
VA,51061,,2022-01-01,0.053000
VA,51063,,2022-01-01,0.053000
VA,51065,,2022-01-01,0.053000
VA,51067,,2022-01-01,0.053000
VA,51069,,2022-01-01,0.053000
VA,51071,,2022-01-01,0.053000
VA,51073,,2022-01-01,0.063000
VA,51075,,2022-01-01,0.060000
VA,51077,,2022-01-01,0.053000
VA,51079,,2022-01-01,0.053000
VA,51081,,2022-01-01,0.053000
VA,51083,,2022-01-01,0.063000
VA,51085,,2022-01-01,0.060000
VA,51087,,2022-01-01,0.060000
VA,51089,,2022-01-01,0.063000
VA,51091,,2022-01-01,0.053000
VA,51093,,2022-01-01,0.060000
VA,51095,,2022-01-01,0.070000
VA,51097,,2022-01-01,0.053000
VA,51099,,2022-01-01,0.053000
VA,51101,,2022-01-01,0.053000
VA,51103,,2022-01-01,0.053000
VA,51105,,2022-01-01,0.053000
VA,51107,,2022-01-01,0.060000
VA,51109,,2022-01-01,0.053000
VA,51111,,2022-01-01,0.053000
VA,51113,,2022-01-01,0.053000
VA,51115,,2022-01-01,0.053000
VA,51117,,2022-01-01,0.053000
VA,51119,,2022-01-01,0.053000
VA,51121,,2022-01-01,0.053000
VA,51125,,2022-01-01,0.053000
VA,51127,,2022-01-01,0.060000
VA,51131,,2022-01-01,0.063000
VA,51133,,2022-01-01,0.053000
VA,51135,,2022-01-01,0.053000
VA,51137,,2022-01-01,0.053000
VA,51139,,2022-01-01,0.053000
VA,51141,,2022-01-01,0.063000
VA,51143,,2022-01-01,0.053000
VA,51143,,2023-07-01,0.063000
VA,51145,,2022-01-01,0.060000
VA,51147,,2022-01-01,0.053000
VA,51149,,2022-01-01,0.053000
VA,51153,,2022-01-01,0.060000
VA,51155,,2022-01-01,0.053000
VA,51157,,2022-01-01,0.053000
VA,51159,,2022-01-01,0.053000
VA,51161,,2022-01-01,0.053000
VA,51163,,2022-01-01,0.053000
VA,51165,,2022-01-01,0.053000
VA,51167,,2022-01-01,0.053000
VA,51169,,2022-01-01,0.053000
VA,51171,,2022-01-01,0.053000
VA,51173,,2022-01-01,0.053000
VA,51175,,2022-01-01,0.060000
VA,51177,,2022-01-01,0.053000
VA,51179,,2022-01-01,0.053000
VA,51181,,2022-01-01,0.053000
VA,51183,,2022-01-01,0.053000
VA,51185,,2022-01-01,0.053000
VA,51187,,2022-01-01,0.053000
VA,51191,,2022-01-01,0.053000
VA,51193,,2022-01-01,0.053000
VA,51195,,2022-01-01,0.053000
VA,51197,,2022-01-01,0.053000
VA,51199,,2022-01-01,0.070000
VA,51510,01000,2022-01-01,0.060000
VA,51520,09816,2022-01-01,0.053000
VA,51530,11032,2022-01-01,0.053000
VA,51540,14968,2022-01-01,0.053000
VA,51550,16000,2022-01-01,0.060000
VA,51570,18448,2022-01-01,0.053000
VA,51580,19728,2022-01-01,0.053000
VA,51590,21344,2022-01-01,0.053000
VA,51590,21344,2022-07-01,0.063000
VA,51595,25808,2022-01-01,0.053000
VA,51600,26496,2022-01-01,0.060000
VA,51610,27200,2022-01-01,0.060000
VA,51620,29600,2022-01-01,0.060000
VA,51630,29744,2022-01-01,0.053000
VA,51640,30208,2022-01-01,0.053000
VA,51650,35000,2022-01-01,0.060000
VA,51660,35624,2022-01-01,0.053000
VA,51670,38424,2022-01-01,0.053000
VA,51678,45512,2022-01-01,0.053000
VA,51680,47672,2022-01-01,0.053000
VA,51683,48952,2022-01-01,0.060000
VA,51685,48968,2022-01-01,0.060000
VA,51690,49784,2022-01-01,0.053000
VA,51700,56000,2022-01-01,0.060000
VA,51710,57000,2022-01-01,0.060000
VA,51720,57688,2022-01-01,0.053000
VA,51730,61832,2022-01-01,0.053000
VA,51735,63768,2022-01-01,0.060000
VA,51740,64000,2022-01-01,0.060000
VA,51750,65392,2022-01-01,0.053000
VA,51760,67000,2022-01-01,0.060000
VA,51770,68000,2022-01-01,0.053000
VA,51775,70000,2022-01-01,0.053000
VA,51790,75216,2022-01-01,0.053000
VA,51800,76432,2022-01-01,0.060000
VA,51810,82000,2022-01-01,0.060000
VA,51820,83680,2022-01-01,0.053000
VA,51830,86160,2022-01-01,0.070000
VA,51840,86720,2022-01-01,0.053000
WA,53001,,2022-01-01,0.080000
WA,53001,52215,2022-01-01,0.082000
WA,53001,58725,2022-01-01,0.080000
WA,53001,58725,2026-04-01,0.081000
WA,53003,,2022-01-01,0.080000
WA,53003,,2024-04-01,0.082000
WA,53003,,2026-04-01,0.083000
WA,53003,12630,2022-01-01,0.082000
WA,53003,12630,2024-04-01,0.084000
WA,53003,12630,2026-04-01,0.085000
WA,53005,,2022-01-01,0.083754
WA,53005,,2022-04-01,0.083721
WA,53005,,2022-07-01,0.084732
WA,53005,,2022-10-01,0.084733
WA,53005,,2023-01-01,0.084682
WA,53005,,2023-04-01,0.084690
WA,53005,,2023-07-01,0.084680
WA,53005,,2024-01-01,0.084777
WA,53005,,2024-04-01,0.084813
WA,53005,,2024-07-01,0.084629
WA,53005,,2025-01-01,0.084620
WA,53005,,2025-04-01,0.084631
WA,53005,,2025-07-01,0.084627
WA,53005,,2026-01-01,0.084617
WA,53005,,2026-04-01,0.084615
WA,53005,,2026-07-01,0.084612
WA,53005,,2026-10-01,0.084613
WA,53005,05560,2022-01-01,0.086000
WA,53005,05560,2022-07-01,0.087000
WA,53005,35275,2022-01-01,0.086000
WA,53005,35275,2022-07-01,0.087000
WA,53005,35275,2025-04-01,0.088000
WA,53005,56450,2022-01-01,0.086000
WA,53005,56450,2022-07-01,0.087000
WA,53005,58235,2022-01-01,0.086000
WA,53005,58235,2022-07-01,0.087000
WA,53005,58235,2026-04-01,0.088000
WA,53005,77665,2022-01-01,0.086000
WA,53005,77665,2022-07-01,0.087000
WA,53007,,2022-01-01,0.083000
WA,53007,,2024-01-01,0.084000
WA,53007,,2026-07-01,0.085000
WA,53007,10495,2022-01-01,0.083000
WA,53007,10495,2024-01-01,0.084000
WA,53007,10495,2026-01-01,0.085000
WA,53007,10495,2026-07-01,0.086000
WA,53007,11615,2022-01-01,0.083000
WA,53007,11615,2024-01-01,0.084000
WA,53007,11615,2025-04-01,0.087000
WA,53007,11615,2026-07-01,0.088000
WA,53007,38845,2022-01-01,0.085000
WA,53007,38845,2024-01-01,0.086000
WA,53007,38845,2026-07-01,0.087000
WA,53007,77105,2022-01-01,0.086000
WA,53007,77105,2023-01-01,0.087000
WA,53007,77105,2024-01-01,0.088000
WA,53007,77105,2026-04-01,0.089000
WA,53007,77105,2026-07-01,0.090000
WA,53009,,2022-01-01,0.085000
WA,53009,,2022-07-01,0.086000
WA,53009,55365,2022-01-01,0.088000
WA,53009,55365,2024-01-01,0.089000
WA,53009,63385,2022-01-01,0.088000
WA,53009,63385,2022-07-01,0.089000
WA,53011,,2022-01-01,0.080868
WA,53011,,2022-04-01,0.080875
WA,53011,,2022-07-01,0.080881
WA,53011,,2023-01-01,0.081857
WA,53011,,2023-04-01,0.081860
WA,53011,,2023-07-01,0.081861
WA,53011,,2024-01-01,0.081879
WA,53011,,2024-04-01,0.081875
WA,53011,,2024-07-01,0.081877
WA,53011,,2025-01-01,0.081875
WA,53011,,2025-04-01,0.081881
WA,53011,,2025-07-01,0.081880
WA,53011,,2025-10-01,0.081874
WA,53011,,2026-01-01,0.081870
WA,53011,,2026-04-01,0.083865
WA,53011,,2026-07-01,0.083866
WA,53011,04475,2022-01-01,0.084000
WA,53011,04475,2023-01-01,0.086000
WA,53011,04475,2026-04-01,0.089000
WA,53011,09480,2022-01-01,0.084000
WA,53011,09480,2023-01-01,0.085000
WA,53011,09480,2025-04-01,0.086000
WA,53011,09480,2026-04-01,0.088000
WA,53011,36710,2022-01-01,0.084000
WA,53011,36710,2023-01-01,0.085000
WA,53011,36710,2025-04-01,0.086000
WA,53011,36710,2026-04-01,0.088000
WA,53011,58410,2022-01-01,0.084000
WA,53011,58410,2022-04-01,0.086000
WA,53011,58410,2023-01-01,0.087000
WA,53011,58410,2026-01-01,0.088000
WA,53011,58410,2026-04-01,0.090000
WA,53011,74060,2022-01-01,0.085000
WA,53011,74060,2023-01-01,0.086000
WA,53011,74060,2023-04-01,0.087000
WA,53011,74060,2025-04-01,0.088000
WA,53011,74060,2026-04-01,0.089000
WA,53011,76405,2022-01-01,0.084000
WA,53011,76405,2023-01-01,0.085000
WA,53011,76405,2026-04-01,0.088000
WA,53011,76405,2026-07-01,0.089000
WA,53011,79625,2022-01-01,0.079000
WA,53011,79625,2023-07-01,0.080000
WA,53011,79625,2024-04-01,0.079000
WA,53011,79975,2022-01-01,0.084000
WA,53011,79975,2023-01-01,0.085000
WA,53011,79975,2026-04-01,0.087000
WA,53013,,2022-01-01,0.082000
WA,53013,16970,2022-01-01,0.084000
WA,53015,,2022-01-01,0.078000
WA,53015,,2024-04-01,0.077000
WA,53015,10565,2022-01-01,0.080000
WA,53015,10565,2024-04-01,0.079000
WA,53015,34645,2022-01-01,0.079000
WA,53015,34645,2023-01-01,0.081000
WA,53015,34645,2024-04-01,0.080000
WA,53015,34645,2026-01-01,0.081000
WA,53015,34645,2026-04-01,0.082000
WA,53015,35065,2022-01-01,0.081000
WA,53015,35065,2023-04-01,0.082000
WA,53015,35065,2024-04-01,0.081000
WA,53015,40245,2022-01-01,0.081000
WA,53015,40245,2023-04-01,0.082000
WA,53015,40245,2024-04-01,0.081000
WA,53015,40245,2025-04-01,0.082000
WA,53015,79625,2022-01-01,0.079000
WA,53015,79625,2023-07-01,0.080000
WA,53015,79625,2024-04-01,0.079000
WA,53017,,2022-01-01,0.082150
WA,53017,,2022-04-01,0.082180
WA,53017,,2022-07-01,0.082174
WA,53017,,2023-01-01,0.082086
WA,53017,,2023-04-01,0.082140
WA,53017,,2023-07-01,0.082233
WA,53017,,2024-01-01,0.083093
WA,53017,,2024-04-01,0.082961
WA,53017,,2024-07-01,0.082958
WA,53017,,2025-01-01,0.083165
WA,53017,,2025-04-01,0.083169
WA,53017,,2025-07-01,0.083138
WA,53017,,2025-10-01,0.083137
WA,53017,,2026-01-01,0.083136
WA,53017,,2026-04-01,0.082930
WA,53017,,2026-07-01,0.083936
WA,53017,,2026-10-01,0.083937
WA,53017,07870,2022-01-01,0.077000
WA,53017,07870,2023-04-01,0.078000
WA,53017,07870,2026-07-01,0.079000
WA,53017,15115,2022-01-01,0.080000
WA,53017,20155,2022-01-01,0.084000
WA,53017,20155,2023-01-01,0.085000
WA,53017,20155,2024-01-01,0.086000
WA,53017,20155,2026-01-01,0.087000
WA,53017,20155,2026-07-01,0.088000
WA,53017,42800,2022-01-01,0.077000
WA,53017,42800,2026-07-01,0.079000
WA,53017,59180,2022-01-01,0.083000
WA,53017,59180,2024-01-01,0.084000
WA,53017,59180,2026-07-01,0.085000
WA,53017,76510,2022-01-01,0.083000
WA,53017,76510,2024-01-01,0.084000
WA,53017,76510,2026-07-01,0.085000
WA,53019,,2022-01-01,0.080000
WA,53021,,2022-01-01,0.081061
WA,53021,,2022-04-01,0.082075
WA,53021,,2022-07-01,0.082061
WA,53021,,2023-01-01,0.082074
WA,53021,,2023-04-01,0.082088
WA,53021,,2023-07-01,0.082109
WA,53021,,2024-01-01,0.082032
WA,53021,,2024-04-01,0.082069
WA,53021,,2024-07-01,0.082086
WA,53021,,2025-01-01,0.082051
WA,53021,,2025-04-01,0.082048
WA,53021,,2025-07-01,0.082055
WA,53021,,2025-10-01,0.082054
WA,53021,,2026-01-01,0.082049
WA,53021,,2026-04-01,0.082042
WA,53021,,2026-07-01,0.082039
WA,53021,,2026-10-01,0.082043
WA,53021,14485,2022-01-01,0.082000
WA,53021,14485,2022-04-01,0.083000
WA,53021,34575,2022-01-01,0.080000
WA,53021,34575,2022-04-01,0.081000
WA,53021,45180,2022-01-01,0.080000
WA,53021,45180,2022-04-01,0.081000
WA,53021,53545,2022-01-01,0.086000
WA,53021,53545,2022-04-01,0.087000
WA,53021,53545,2023-01-01,0.089000
WA,53023,,2022-01-01,0.079000
WA,53023,,2023-01-01,0.081000
WA,53025,,2022-01-01,0.082000
WA,53025,15115,2022-01-01,0.080000
WA,53025,22080,2022-01-01,0.084000
WA,53025,26455,2022-01-01,0.084000
WA,53025,27855,2022-01-01,0.084000
WA,53025,44165,2022-01-01,0.084000
WA,53025,44165,2026-10-01,0.083000
WA,53025,47245,2022-01-01,0.084000
WA,53025,47245,2024-04-01,0.085000
WA,53025,65345,2022-01-01,0.082000
WA,53025,65345,2022-07-01,0.084000
WA,53027,,2022-01-01,0.089000
WA,53027,00100,2022-01-01,0.090800
WA,53027,21450,2022-01-01,0.089000
WA,53027,21450,2026-01-01,0.090000
WA,53027,50570,2022-01-01,0.091000
WA,53029,,2022-01-01,0.087000
WA,53029,,2022-07-01,0.088000
WA,53029,,2026-01-01,0.090000
WA,53029,,2026-07-01,0.091000
WA,53029,38355,2022-01-01,0.087000
WA,53029,38355,2022-07-01,0.088000
WA,53029,38355,2025-04-01,0.090000
WA,53029,38355,2026-01-01,0.092000
WA,53029,38355,2026-07-01,0.093000
WA,53029,50360,2022-01-01,0.089000
WA,53029,50360,2022-07-01,0.090000
WA,53029,50360,2026-01-01,0.092000
WA,53029,50360,2026-07-01,0.093000
WA,53031,,2022-01-01,0.091000
WA,53031,,2025-04-01,0.092000
WA,53031,,2026-04-01,0.095000
WA,53031,55855,2022-01-01,0.091000
WA,53031,55855,2024-04-01,0.094000
WA,53031,55855,2026-04-01,0.095000
WA,53033,,2022-01-01,0.101000
WA,53033,,2024-04-01,0.102000
WA,53033,,2026-01-01,0.103000
WA,53033,01290,2022-01-01,0.101000
WA,53033,01290,2024-04-01,0.102000
WA,53033,01290,2026-01-01,0.104000
WA,53033,06330,2022-01-01,0.087000
WA,53033,06330,2024-04-01,0.088000
WA,53033,06330,2026-01-01,0.090000
WA,53033,08850,2022-01-01,0.101000
WA,53033,08850,2024-04-01,0.102000
WA,53033,08850,2026-01-01,0.103000
WA,53033,08850,2026-07-01,0.104000
WA,53033,10215,2022-01-01,0.087000
WA,53033,10215,2024-04-01,0.088000
WA,53033,10215,2026-01-01,0.089000
WA,53033,15290,2022-01-01,0.087000
WA,53033,15290,2023-07-01,0.088000
WA,53033,15290,2024-04-01,0.089000
WA,53033,15290,2025-01-01,0.091000
WA,53033,15290,2026-01-01,0.092000
WA,53033,15290,2026-07-01,0.093000
WA,53033,17635,2022-01-01,0.101000
WA,53033,17635,2024-04-01,0.102000
WA,53033,17635,2026-01-01,0.104000
WA,53033,19035,2022-01-01,0.089000
WA,53033,19035,2024-04-01,0.090000
WA,53033,19035,2026-01-01,0.092000
WA,53033,22045,2022-01-01,0.088000
WA,53033,22045,2024-04-01,0.089000
WA,53033,22045,2026-01-01,0.090000
WA,53033,23515,2022-01-01,0.101000
WA,53033,23515,2024-04-01,0.102000
WA,53033,23515,2026-01-01,0.103000
WA,53033,23515,2026-07-01,0.104000
WA,53033,33805,2022-01-01,0.101000
WA,53033,33805,2024-04-01,0.103000
WA,53033,33805,2026-01-01,0.105000
WA,53033,35415,2022-01-01,0.101000
WA,53033,35415,2024-04-01,0.102000
WA,53033,35415,2026-01-01,0.104000
WA,53033,35940,2022-01-01,0.102000
WA,53033,35940,2024-04-01,0.103000
WA,53033,35940,2026-01-01,0.104000
WA,53033,37270,2022-01-01,0.101000
WA,53033,37270,2023-04-01,0.102000
WA,53033,37270,2024-04-01,0.103000
WA,53033,37270,2026-01-01,0.104000
WA,53033,43150,2022-01-01,0.087000
WA,53033,43150,2024-04-01,0.088000
WA,53033,43150,2025-01-01,0.089000
WA,53033,43150,2026-01-01,0.090000
WA,53033,43150,2026-07-01,0.091000
WA,53033,44725,2022-01-01,0.101000
WA,53033,44725,2024-04-01,0.102000
WA,53033,44725,2026-01-01,0.103000
WA,53033,44725,2026-07-01,0.104000
WA,53033,49485,2022-01-01,0.090000
WA,53033,49485,2024-04-01,0.091000
WA,53033,49485,2026-01-01,0.092000
WA,53033,57535,2022-01-01,0.101000
WA,53033,57535,2024-01-01,0.102000
WA,53033,57535,2024-04-01,0.103000
WA,53033,57535,2026-01-01,0.104000
WA,53033,57745,2022-01-01,0.101000
WA,53033,57745,2024-04-01,0.103000
WA,53033,57745,2026-01-01,0.105000
WA,53033,62288,2022-01-01,0.101000
WA,53033,62288,2024-04-01,0.102000
WA,53033,62288,2026-01-01,0.104000
WA,53033,63000,2022-01-01,0.102500
WA,53033,63000,2024-04-01,0.103500
WA,53033,63000,2026-01-01,0.105500
WA,53033,63960,2022-01-01,0.103000
WA,53033,63960,2024-04-01,0.104000
WA,53033,63960,2026-01-01,0.105000
WA,53033,64855,2022-01-01,0.087000
WA,53033,64855,2024-04-01,0.088000
WA,53033,64855,2026-01-01,0.089000
WA,53033,65205,2022-01-01,0.087000
WA,53033,65205,2022-04-01,0.089000
WA,53033,65205,2024-04-01,0.090000
WA,53033,65205,2024-07-01,0.091000
WA,53033,65205,2025-01-01,0.092000
WA,53033,65205,2026-01-01,0.093000
WA,53033,72625,2022-01-01,0.101000
WA,53033,72625,2024-04-01,0.102000
WA,53033,72625,2026-01-01,0.103000
WA,53033,72625,2026-04-01,0.104000
WA,53033,79590,2022-01-01,0.101000
WA,53033,79590,2024-04-01,0.102000
WA,53033,79590,2026-01-01,0.103000
WA,53033,79590,2026-07-01,0.104000
WA,53033,80150,2022-01-01,0.101000
WA,53033,80150,2024-04-01,0.102000
WA,53033,80150,2025-04-01,0.103000
WA,53033,80150,2026-01-01,0.104000
WA,53035,,2022-01-01,0.090000
WA,53035,,2022-04-01,0.092000
WA,53035,03736,2022-01-01,0.091000
WA,53035,03736,2022-04-01,0.092000
WA,53035,55785,2022-01-01,0.090000
WA,53035,55785,2022-04-01,0.092000
WA,53035,55785,2023-01-01,0.093000
WA,53035,55995,2022-01-01,0.091000
WA,53035,55995,2022-04-01,0.092000
WA,53035,55995,2023-04-01,0.093000
WA,53037,,2022-01-01,0.080000
WA,53037,,2022-04-01,0.081000
WA,53037,,2025-01-01,0.083000
WA,53037,12945,2022-01-01,0.080000
WA,53037,12945,2022-04-01,0.081000
WA,53037,12945,2025-01-01,0.083000
WA,53037,12945,2026-01-01,0.085000
WA,53037,21240,2022-01-01,0.083000
WA,53037,21240,2022-04-01,0.084000
WA,53037,21240,2025-01-01,0.086000
WA,53039,,2022-01-01,0.070000
WA,53039,,2022-04-01,0.075000
WA,53039,,2026-01-01,0.076000
WA,53039,06085,2022-01-01,0.075000
WA,53039,06085,2026-01-01,0.077000
WA,53039,27435,2022-01-01,0.075000
WA,53039,27435,2026-01-01,0.076000
WA,53039,27435,2026-04-01,0.077000
WA,53039,78330,2022-01-01,0.075000
WA,53039,78330,2023-07-01,0.076000
WA,53039,78330,2026-01-01,0.077000
WA,53041,,2022-01-01,0.078000
WA,53041,,2025-04-01,0.080000
WA,53041,11160,2022-01-01,0.082000
WA,53041,11160,2025-04-01,0.084000
WA,53041,11160,2026-01-01,0.082000
WA,53041,11160,2026-04-01,0.084000
WA,53041,11475,2022-01-01,0.082000
WA,53041,11475,2025-04-01,0.084000
WA,53041,47980,2022-01-01,0.078000
WA,53041,47980,2023-07-01,0.079000
WA,53041,47980,2025-04-01,0.081000
WA,53043,,2022-01-01,0.080000
WA,53045,,2022-01-01,0.085000
WA,53045,,2024-07-01,0.086000
WA,53045,63735,2022-01-01,0.088000
WA,53045,63735,2024-07-01,0.089000
WA,53047,,2022-01-01,0.083875
WA,53047,,2022-04-01,0.083874
WA,53047,,2022-07-01,0.083870
WA,53047,,2023-01-01,0.083863
WA,53047,,2023-04-01,0.083873
WA,53047,,2023-07-01,0.083861
WA,53047,,2024-01-01,0.083878
WA,53047,,2024-04-01,0.083866
WA,53047,,2024-07-01,0.083872
WA,53047,,2025-01-01,0.083861
WA,53047,,2025-04-01,0.083863
WA,53047,,2025-07-01,0.083866
WA,53047,,2025-10-01,0.083867
WA,53047,,2026-01-01,0.083870
WA,53047,,2026-04-01,0.083863
WA,53047,,2026-07-01,0.083866
WA,53047,,2026-10-01,0.083865
WA,53047,07835,2022-01-01,0.084000
WA,53047,14310,2022-01-01,0.084000
WA,53047,15115,2022-01-01,0.080000
WA,53047,21485,2022-01-01,0.080000
WA,53047,48540,2022-01-01,0.080000
WA,53047,50920,2022-01-01,0.085000
WA,53047,51340,2022-01-01,0.084000
WA,53047,51340,2024-04-01,0.085000
WA,53047,51970,2022-01-01,0.084000
WA,53047,53720,2022-01-01,0.086000
WA,53047,58795,2022-01-01,0.084000
WA,53047,71890,2022-01-01,0.085000
WA,53047,73080,2022-01-01,0.087000
WA,53047,79380,2022-01-01,0.085000
WA,53047,79380,2026-04-01,0.086000
WA,53049,,2022-01-01,0.081000
WA,53049,,2024-07-01,0.082000
WA,53049,40070,2022-01-01,0.083000
WA,53049,40070,2024-07-01,0.084000
WA,53051,,2022-01-01,0.077000
WA,53053,,2022-01-01,0.097471
WA,53053,,2022-04-01,0.097469
WA,53053,,2022-07-01,0.097478
WA,53053,,2022-10-01,0.097479
WA,53053,,2023-01-01,0.097307
WA,53053,,2023-04-01,0.097354
WA,53053,,2023-07-01,0.098342
WA,53053,,2024-01-01,0.098470
WA,53053,,2024-04-01,0.098429
WA,53053,,2024-07-01,0.098425
WA,53053,,2025-01-01,0.098416
WA,53053,,2025-04-01,0.098420
WA,53053,,2025-07-01,0.098419
WA,53053,,2025-10-01,0.098417
WA,53053,,2026-01-01,0.098415
WA,53053,,2026-04-01,0.098418
WA,53053,,2026-07-01,0.099417
WA,53053,07170,2022-01-01,0.094000
WA,53053,07170,2023-07-01,0.095000
WA,53053,07170,2026-07-01,0.096000
WA,53053,08570,2022-01-01,0.080000
WA,53053,08570,2023-07-01,0.081000
WA,53053,08570,2024-04-01,0.082000
WA,53053,08570,2026-07-01,0.083000
WA,53053,09970,2022-01-01,0.080000
WA,53053,09970,2023-07-01,0.081000
WA,53053,09970,2026-07-01,0.082000
WA,53053,18965,2022-01-01,0.094000
WA,53053,18965,2023-07-01,0.095000
WA,53053,18965,2025-01-01,0.096000
WA,53053,18965,2026-07-01,0.097000
WA,53053,20260,2022-01-01,0.080000
WA,53053,20260,2023-07-01,0.081000
WA,53053,20260,2026-07-01,0.082000
WA,53053,20645,2022-01-01,0.100000
WA,53053,20645,2023-07-01,0.101000
WA,53053,20645,2026-07-01,0.102000
WA,53053,22045,2022-01-01,0.088000
WA,53053,22045,2024-04-01,0.089000
WA,53053,22045,2026-01-01,0.090000
WA,53053,23795,2022-01-01,0.100000
WA,53053,23795,2023-07-01,0.101000
WA,53053,23795,2026-07-01,0.102000
WA,53053,23970,2022-01-01,0.100000
WA,53053,23970,2023-07-01,0.101000
WA,53053,23970,2026-07-01,0.102000
WA,53053,26735,2022-01-01,0.088000
WA,53053,26735,2023-07-01,0.089000
WA,53053,26735,2025-01-01,0.091000
WA,53053,26735,2026-07-01,0.092000
WA,53053,38038,2022-01-01,0.100000
WA,53053,38038,2023-07-01,0.101000
WA,53053,38038,2026-07-01,0.103000
WA,53053,52005,2022-01-01,0.094000
WA,53053,52005,2023-07-01,0.095000
WA,53053,52005,2026-07-01,0.096000
WA,53053,56695,2022-01-01,0.100000
WA,53053,56695,2023-07-01,0.101000
WA,53053,56695,2025-04-01,0.102000
WA,53053,56695,2026-07-01,0.103000
WA,53053,60160,2022-01-01,0.081000
WA,53053,60160,2023-07-01,0.082000
WA,53053,60160,2026-07-01,0.083000
WA,53053,60510,2022-01-01,0.100000
WA,53053,60510,2023-07-01,0.101000
WA,53053,60510,2026-07-01,0.102000
WA,53053,66045,2022-01-01,0.080000
WA,53053,66045,2023-07-01,0.081000
WA,53053,66045,2026-07-01,0.082000
WA,53053,67770,2022-01-01,0.100000
WA,53053,67770,2023-07-01,0.101000
WA,53053,67770,2026-07-01,0.102000
WA,53053,68435,2022-01-01,0.094000
WA,53053,68435,2023-07-01,0.095000
WA,53053,68435,2026-01-01,0.096000
WA,53053,68435,2026-07-01,0.097000
WA,53053,70000,2022-01-01,0.103000
WA,53053,70000,2026-04-01,0.104000
WA,53053,70000,2026-07-01,0.105000
WA,53053,73465,2022-01-01,0.100000
WA,53053,73465,2023-07-01,0.101000
WA,53053,73465,2026-07-01,0.102000
WA,53053,78925,2022-01-01,0.080000
WA,53053,78925,2023-07-01,0.081000
WA,53053,78925,2026-07-01,0.082000
WA,53055,,2022-01-01,0.083000
WA,53055,,2024-01-01,0.084000
WA,53055,,2025-04-01,0.085000
WA,53055,,2025-07-01,0.083500
WA,53055,25615,2022-01-01,0.085000
WA,53055,25615,2024-01-01,0.086000
WA,53055,25615,2024-04-01,0.087000
WA,53055,25615,2025-04-01,0.088000
WA,53055,25615,2025-07-01,0.086500
WA,53057,,2022-01-01,0.084995
WA,53057,,2022-04-01,0.084984
WA,53057,,2022-07-01,0.084991
WA,53057,,2022-10-01,0.084992
WA,53057,,2023-01-01,0.084953
WA,53057,,2023-04-01,0.084961
WA,53057,,2023-07-01,0.084951
WA,53057,,2024-01-01,0.084983
WA,53057,,2024-04-01,0.084935
WA,53057,,2024-07-01,0.084938
WA,53057,,2025-01-01,0.084882
WA,53057,,2025-07-01,0.084956
WA,53057,,2026-01-01,0.084958
WA,53057,,2026-04-01,0.085957
WA,53057,01990,2022-01-01,0.088000
WA,53057,01990,2026-04-01,0.089000
WA,53057,08920,2022-01-01,0.086000
WA,53057,08920,2025-01-01,0.087000
WA,53057,08920,2026-04-01,0.089000
WA,53057,14380,2022-01-01,0.086000
WA,53057,14380,2026-04-01,0.087000
WA,53057,29255,2022-01-01,0.086000
WA,53057,29255,2026-04-01,0.087000
WA,53057,36780,2022-01-01,0.086000
WA,53057,36780,2025-01-01,0.087000
WA,53057,36780,2026-04-01,0.088000
WA,53057,40770,2022-01-01,0.086000
WA,53057,40770,2026-04-01,0.087000
WA,53057,47560,2022-01-01,0.088000
WA,53057,47560,2026-04-01,0.089000
WA,53057,47560,2026-07-01,0.090000
WA,53057,63210,2022-01-01,0.086000
WA,53057,63210,2026-04-01,0.087000
WA,53059,,2022-01-01,0.077000
WA,53059,67875,2022-01-01,0.077000
WA,53059,67875,2025-07-01,0.080000
WA,53061,,2022-01-01,0.103043
WA,53061,,2022-04-01,0.104039
WA,53061,,2022-07-01,0.104038
WA,53061,,2023-01-01,0.104041
WA,53061,,2023-04-01,0.104034
WA,53061,,2023-07-01,0.104032
WA,53061,,2024-01-01,0.104048
WA,53061,,2024-04-01,0.104039
WA,53061,,2024-07-01,0.104040
WA,53061,,2025-01-01,0.104037
WA,53061,,2025-04-01,0.104021
WA,53061,,2025-07-01,0.104027
WA,53061,,2025-10-01,0.104028
WA,53061,,2026-01-01,0.104029
WA,53061,,2026-04-01,0.104035
WA,53061,,2026-07-01,0.104038
WA,53061,,2026-10-01,0.104037
WA,53061,02585,2022-01-01,0.092000
WA,53061,02585,2022-04-01,0.093000
WA,53061,07940,2022-01-01,0.104000
WA,53061,07940,2022-04-01,0.105000
WA,53061,16690,2022-01-01,0.090000
WA,53061,16690,2022-04-01,0.091000
WA,53061,20750,2022-01-01,0.104000
WA,53061,20750,2022-04-01,0.105000
WA,53061,20750,2026-01-01,0.106000
WA,53061,20750,2026-04-01,0.107000
WA,53061,22640,2022-01-01,0.098000
WA,53061,22640,2022-04-01,0.099000
WA,53061,27365,2022-01-01,0.090000
WA,53061,27365,2022-04-01,0.091000
WA,53061,27995,2022-01-01,0.090000
WA,53061,27995,2022-04-01,0.091000
WA,53061,33175,2022-01-01,0.090000
WA,53061,33175,2022-04-01,0.091000
WA,53061,37900,2022-01-01,0.090000
WA,53061,37900,2022-04-01,0.091000
WA,53061,37900,2023-04-01,0.093000
WA,53061,40840,2022-01-01,0.105000
WA,53061,40840,2022-04-01,0.106000
WA,53061,40840,2026-04-01,0.107000
WA,53061,43955,2022-01-01,0.093000
WA,53061,43955,2022-04-01,0.094000
WA,53061,45865,2022-01-01,0.105000
WA,53061,45865,2022-04-01,0.106000
WA,53061,46685,2022-01-01,0.093000
WA,53061,46685,2022-04-01,0.094000
WA,53061,47490,2022-01-01,0.104000
WA,53061,47490,2022-04-01,0.105000
WA,53061,47735,2022-01-01,0.105000
WA,53061,47735,2022-04-01,0.106000
WA,53061,65170,2022-01-01,0.092000
WA,53061,65170,2022-04-01,0.093000
WA,53061,67455,2022-01-01,0.092000
WA,53061,67455,2022-04-01,0.093000
WA,53061,68260,2022-01-01,0.090000
WA,53061,68260,2022-04-01,0.091000
WA,53061,79835,2022-01-01,0.104000
WA,53061,79835,2022-04-01,0.105000
WA,53061,79835,2026-04-01,0.106000
WA,53063,,2022-01-01,0.084516
WA,53063,,2022-04-01,0.084534
WA,53063,,2022-07-01,0.084544
WA,53063,,2023-01-01,0.084470
WA,53063,,2023-04-01,0.084471
WA,53063,,2023-07-01,0.084459
WA,53063,,2024-01-01,0.084372
WA,53063,,2024-04-01,0.084425
WA,53063,,2024-07-01,0.084466
WA,53063,,2025-01-01,0.084425
WA,53063,,2025-04-01,0.084421
WA,53063,,2025-07-01,0.084452
WA,53063,,2025-10-01,0.084455
WA,53063,,2026-01-01,0.084467
WA,53063,,2026-04-01,0.084464
WA,53063,,2026-07-01,0.084469
WA,53063,,2026-10-01,0.084464
WA,53063,00905,2022-01-01,0.091000
WA,53063,00905,2024-01-01,0.092000
WA,53063,11825,2022-01-01,0.089000
WA,53063,17320,2022-01-01,0.081000
WA,53063,22990,2022-01-01,0.081000
WA,53063,38495,2022-01-01,0.081000
WA,53063,39335,2022-01-01,0.089000
WA,53063,39335,2024-04-01,0.090000
WA,53063,44690,2022-01-01,0.089000
WA,53063,45985,2022-01-01,0.089000
WA,53063,59145,2022-01-01,0.081000
WA,53063,66290,2022-01-01,0.081000
WA,53063,67000,2022-01-01,0.090000
WA,53063,67000,2025-04-01,0.091000
WA,53063,67167,2022-01-01,0.089000
WA,53063,67167,2026-01-01,0.090000
WA,53063,76720,2022-01-01,0.081000
WA,53065,,2022-01-01,0.076000
WA,53065,,2024-04-01,0.080000
WA,53067,,2022-01-01,0.083845
WA,53067,,2022-04-01,0.083857
WA,53067,,2022-07-01,0.084858
WA,53067,,2023-01-01,0.084774
WA,53067,,2023-04-01,0.084769
WA,53067,,2023-07-01,0.084772
WA,53067,,2024-01-01,0.084809
WA,53067,,2024-04-01,0.086795
WA,53067,,2024-07-01,0.086797
WA,53067,,2025-01-01,0.086825
WA,53067,,2025-04-01,0.086834
WA,53067,,2025-07-01,0.086852
WA,53067,,2025-10-01,0.086858
WA,53067,,2026-01-01,0.086857
WA,53067,,2026-04-01,0.086856
WA,53067,,2026-07-01,0.087885
WA,53067,,2026-10-01,0.087887
WA,53067,08605,2022-01-01,0.080000
WA,53067,08605,2022-07-01,0.081000
WA,53067,08605,2024-04-01,0.083000
WA,53067,08605,2026-07-01,0.084000
WA,53067,36745,2022-01-01,0.094000
WA,53067,36745,2022-07-01,0.095000
WA,53067,36745,2024-04-01,0.097000
WA,53067,36745,2026-07-01,0.098000
WA,53067,51300,2022-01-01,0.094000
WA,53067,51300,2023-01-01,0.095000
WA,53067,51300,2024-04-01,0.098000
WA,53067,51300,2026-07-01,0.100000
WA,53067,57220,2022-01-01,0.080000
WA,53067,57220,2022-07-01,0.081000
WA,53067,57220,2024-04-01,0.083000
WA,53067,57220,2026-07-01,0.084000
WA,53067,70630,2022-01-01,0.080000
WA,53067,70630,2022-07-01,0.081000
WA,53067,70630,2024-04-01,0.083000
WA,53067,70630,2026-07-01,0.084000
WA,53067,72905,2022-01-01,0.094000
WA,53067,72905,2022-07-01,0.095000
WA,53067,72905,2024-04-01,0.097000
WA,53067,72905,2026-07-01,0.098000
WA,53067,80220,2022-01-01,0.092000
WA,53067,80220,2022-07-01,0.093000
WA,53067,80220,2024-04-01,0.095000
WA,53067,80220,2026-07-01,0.096000
WA,53069,,2022-01-01,0.076000
WA,53069,,2023-04-01,0.078000
WA,53071,,2022-01-01,0.084063
WA,53071,,2022-04-01,0.084071
WA,53071,,2022-07-01,0.084075
WA,53071,,2022-10-01,0.084077
WA,53071,,2023-01-01,0.084131
WA,53071,,2023-04-01,0.084128
WA,53071,,2023-07-01,0.084113
WA,53071,,2024-01-01,0.084030
WA,53071,,2024-04-01,0.084069
WA,53071,,2024-07-01,0.084037
WA,53071,,2025-01-01,0.084050
WA,53071,,2025-04-01,0.084051
WA,53071,,2025-07-01,0.084044
WA,53071,,2025-10-01,0.084045
WA,53071,,2026-01-01,0.086058
WA,53071,,2026-04-01,0.086043
WA,53071,,2026-07-01,0.086049
WA,53071,,2026-10-01,0.086065
WA,53071,13855,2022-01-01,0.087000
WA,53071,13855,2024-04-01,0.088000
WA,53071,13855,2026-01-01,0.090000
WA,53071,56240,2022-01-01,0.081000
WA,53071,56240,2026-01-01,0.083000
WA,53071,75565,2022-01-01,0.082000
WA,53071,75565,2022-07-01,0.083000
WA,53071,75565,2026-01-01,0.085000
WA,53071,75775,2022-01-01,0.089000
WA,53071,75775,2026-01-01,0.091000
WA,53073,,2022-01-01,0.085964
WA,53073,,2022-04-01,0.085977
WA,53073,,2022-07-01,0.085974
WA,53073,,2023-01-01,0.085920
WA,53073,,2023-04-01,0.085929
WA,53073,,2023-07-01,0.085921
WA,53073,,2024-01-01,0.085972
WA,53073,,2024-04-01,0.087965
WA,53073,,2024-07-01,0.087976
WA,53073,,2025-01-01,0.087985
WA,53073,,2025-07-01,0.087987
WA,53073,,2025-10-01,0.087985
WA,53073,,2026-01-01,0.087986
WA,53073,,2026-04-01,0.087988
WA,53073,,2026-07-01,0.088988
WA,53073,,2026-10-01,0.088989
WA,53073,05280,2022-01-01,0.088000
WA,53073,05280,2024-04-01,0.090000
WA,53073,05280,2026-01-01,0.091000
WA,53073,05280,2026-07-01,0.092000
WA,53073,06505,2022-01-01,0.088000
WA,53073,06505,2024-04-01,0.090000
WA,53073,06505,2026-07-01,0.091000
WA,53073,22745,2022-01-01,0.086000
WA,53073,22745,2024-04-01,0.088000
WA,53073,22745,2026-07-01,0.089000
WA,53073,23620,2022-01-01,0.088000
WA,53073,23620,2024-04-01,0.090000
WA,53073,23620,2026-07-01,0.091000
WA,53073,40805,2022-01-01,0.088000
WA,53073,40805,2024-04-01,0.090000
WA,53073,40805,2025-04-01,0.091000
WA,53073,40805,2026-01-01,0.092000
WA,53073,40805,2026-07-01,0.093000
WA,53073,49275,2022-01-01,0.086000
WA,53073,49275,2024-04-01,0.088000
WA,53073,49275,2026-07-01,0.089000
WA,53073,68330,2022-01-01,0.086000
WA,53073,68330,2024-04-01,0.088000
WA,53073,68330,2026-07-01,0.089000
WA,53075,,2022-01-01,0.078000
WA,53075,,2022-04-01,0.079000
WA,53075,,2026-07-01,0.080000
WA,53075,56625,2022-01-01,0.078000
WA,53075,56625,2022-04-01,0.079000
WA,53075,56625,2025-01-01,0.080000
WA,53075,56625,2026-07-01,0.082000
WA,53077,,2022-01-01,0.080000
WA,53077,,2026-01-01,0.082000
WA,53077,63280,2022-01-01,0.083000
WA,53077,63280,2026-01-01,0.085000
WA,53077,68750,2022-01-01,0.082000
WA,53077,68750,2026-01-01,0.084000
WA,53077,71400,2022-01-01,0.080000
WA,53077,71400,2026-01-01,0.082000
WA,53077,71400,2026-07-01,0.083000
WA,53077,71960,2022-01-01,0.080000
WA,53077,71960,2026-01-01,0.082000
WA,53077,71960,2026-04-01,0.083000
WA,53077,73290,2022-01-01,0.082000
WA,53077,73290,2026-01-01,0.084000
WA,53077,80010,2022-01-01,0.083000
WA,53077,80010,2026-01-01,0.085000
WA,53077,80010,2026-07-01,0.086000
WV,54001,,2022-01-01,0.060000
WV,54003,,2022-01-01,0.060000
WV,54003,52060,2022-01-01,0.070000
WV,54005,,2022-01-01,0.060000
WV,54005,78964,2022-01-01,0.060000
WV,54005,78964,2022-07-01,0.070000
WV,54007,,2022-01-01,0.060000
WV,54009,,2022-01-01,0.060000
WV,54009,28204,2022-01-01,0.070000
WV,54009,85156,2022-01-01,0.070000
WV,54011,,2022-01-01,0.060000
WV,54011,04276,2022-01-01,0.070000
WV,54011,39460,2022-01-01,0.070000
WV,54011,54484,2022-01-01,0.070000
WV,54013,,2022-01-01,0.060000
WV,54015,,2022-01-01,0.060000
WV,54015,15676,2022-01-01,0.060000
WV,54015,15676,2026-01-01,0.070000
WV,54017,,2022-01-01,0.060000
WV,54017,86116,2022-01-01,0.060000
WV,54017,86116,2022-07-01,0.070000
WV,54019,,2022-01-01,0.060000
WV,54019,01996,2022-01-01,0.060000
WV,54019,01996,2022-07-01,0.070000
WV,54019,27028,2022-01-01,0.060000
WV,54019,27028,2022-07-01,0.070000
WV,54019,55468,2022-01-01,0.070000
WV,54019,60028,2022-01-01,0.060000
WV,54019,60028,2022-07-01,0.070000
WV,54019,74740,2022-01-01,0.070000
WV,54021,,2022-01-01,0.060000
WV,54021,32044,2022-01-01,0.060000
WV,54021,32044,2025-07-01,0.070000
WV,54023,,2022-01-01,0.060000
WV,54023,62956,2022-01-01,0.060000
WV,54023,62956,2023-07-01,0.070000
WV,54025,,2022-01-01,0.060000
WV,54025,00772,2022-01-01,0.060000
WV,54025,00772,2022-07-01,0.070000
WV,54025,46636,2022-01-01,0.060000
WV,54025,46636,2023-07-01,0.070000
WV,54025,66412,2022-01-01,0.070000
WV,54025,70156,2022-01-01,0.060000
WV,54025,70156,2026-07-01,0.070000
WV,54025,70828,2022-01-01,0.070000
WV,54027,,2022-01-01,0.060000
WV,54027,13108,2022-01-01,0.070000
WV,54027,70084,2022-01-01,0.070000
WV,54029,,2022-01-01,0.060000
WV,54029,15076,2022-01-01,0.070000
WV,54029,58372,2022-01-01,0.070000
WV,54029,85156,2022-01-01,0.070000
WV,54031,,2022-01-01,0.060000
WV,54031,55588,2022-01-01,0.070000
WV,54031,84580,2022-01-01,0.070000
WV,54033,,2022-01-01,0.060000
WV,54033,01900,2022-01-01,0.060000
WV,54033,01900,2025-01-01,0.070000
WV,54033,10180,2022-01-01,0.070000
WV,54033,15628,2022-01-01,0.070000
WV,54033,59836,2022-01-01,0.070000
WV,54033,73636,2022-01-01,0.070000
WV,54035,,2022-01-01,0.060000
WV,54035,67108,2022-01-01,0.070000
WV,54035,68596,2022-01-01,0.070000
WV,54037,,2022-01-01,0.060000
WV,54037,08932,2022-01-01,0.070000
WV,54037,14610,2022-01-01,0.070000
WV,54037,35284,2022-01-01,0.070000
WV,54037,66988,2022-01-01,0.070000
WV,54037,73468,2022-01-01,0.070000
WV,54039,,2022-01-01,0.060000
WV,54039,14600,2022-01-01,0.070000
WV,54039,22564,2022-01-01,0.070000
WV,54039,55468,2022-01-01,0.070000
WV,54039,59068,2022-01-01,0.070000
WV,54039,71212,2022-01-01,0.070000
WV,54039,74740,2022-01-01,0.070000
WV,54039,75292,2022-01-01,0.070000
WV,54041,,2022-01-01,0.060000
WV,54041,85972,2022-01-01,0.070000
WV,54043,,2022-01-01,0.060000
WV,54045,,2022-01-01,0.060000
WV,54045,14524,2022-01-01,0.060000
WV,54045,14524,2022-07-01,0.070000
WV,54045,48148,2022-01-01,0.070000
WV,54045,50932,2022-01-01,0.070000
WV,54047,,2022-01-01,0.060000
WV,54047,85228,2022-01-01,0.060000
WV,54047,85228,2026-07-01,0.070000
WV,54049,,2022-01-01,0.060000
WV,54049,26452,2022-01-01,0.070000
WV,54049,51100,2022-01-01,0.060000
WV,54049,51100,2023-07-01,0.070000
WV,54049,86620,2022-01-01,0.070000
WV,54051,,2022-01-01,0.060000
WV,54051,56020,2022-01-01,0.070000
WV,54051,86452,2022-01-01,0.070000
WV,54053,,2022-01-01,0.060000
WV,54055,,2022-01-01,0.060000
WV,54055,03292,2022-01-01,0.070000
WV,54055,08524,2022-01-01,0.070000
WV,54055,09796,2022-01-01,0.060000
WV,54055,09796,2025-07-01,0.070000
WV,54055,65692,2022-01-01,0.070000
WV,54057,,2022-01-01,0.060000
WV,54059,,2022-01-01,0.060000
WV,54061,,2022-01-01,0.060000
WV,54061,32932,2022-01-01,0.060000
WV,54061,32932,2026-07-01,0.070000
WV,54061,55756,2022-01-01,0.070000
WV,54061,85996,2022-01-01,0.060000
WV,54061,85996,2024-07-01,0.070000
WV,54063,,2022-01-01,0.060000
WV,54063,00772,2022-01-01,0.060000
WV,54063,00772,2022-07-01,0.070000
WV,54065,,2022-01-01,0.060000
WV,54065,04876,2022-01-01,0.060000
WV,54065,04876,2025-01-01,0.070000
WV,54065,62332,2022-01-01,0.070000
WV,54067,,2022-01-01,0.060000
WV,54067,68116,2022-01-01,0.060000
WV,54067,68116,2024-07-01,0.070000
WV,54067,77980,2022-01-01,0.060000
WV,54067,77980,2023-07-01,0.070000
WV,54069,,2022-01-01,0.060000
WV,54069,86452,2022-01-01,0.070000
WV,54071,,2022-01-01,0.060000
WV,54071,29044,2022-01-01,0.060000
WV,54071,29044,2026-01-01,0.070000
WV,54073,,2022-01-01,0.060000
WV,54073,71356,2022-01-01,0.060000
WV,54073,71356,2026-01-01,0.070000
WV,54075,,2022-01-01,0.060000
WV,54075,51676,2022-01-01,0.060000
WV,54075,51676,2025-07-01,0.070000
WV,54077,,2022-01-01,0.060000
WV,54077,10852,2022-01-01,0.060000
WV,54077,10852,2022-07-01,0.070000
WV,54077,44044,2022-01-01,0.070000
WV,54077,52228,2022-01-01,0.070000
WV,54077,67636,2022-01-01,0.060000
WV,54077,67636,2022-07-01,0.070000
WV,54077,70588,2022-01-01,0.070000
WV,54077,79708,2022-01-01,0.070000
WV,54077,81268,2022-01-01,0.070000
WV,54079,,2022-01-01,0.060000
WV,54079,39532,2022-01-01,0.070000
WV,54079,59068,2022-01-01,0.070000
WV,54079,87988,2022-01-01,0.060000
WV,54079,87988,2026-01-01,0.070000
WV,54081,,2022-01-01,0.060000
WV,54081,05332,2022-01-01,0.070000
WV,54081,75172,2022-01-01,0.070000
WV,54083,,2022-01-01,0.060000
WV,54083,24580,2022-01-01,0.070000
WV,54085,,2022-01-01,0.060000
WV,54085,24844,2022-01-01,0.070000
WV,54085,35428,2022-01-01,0.070000
WV,54085,62764,2022-01-01,0.070000
WV,54087,,2022-01-01,0.060000
WV,54087,75820,2022-01-01,0.070000
WV,54089,,2022-01-01,0.060000
WV,54089,37636,2022-01-01,0.060000
WV,54089,37636,2025-07-01,0.070000
WV,54091,,2022-01-01,0.060000
WV,54091,32716,2022-01-01,0.070000
WV,54093,,2022-01-01,0.060000
WV,54093,20428,2022-01-01,0.070000
WV,54093,80020,2022-01-01,0.070000
WV,54095,,2022-01-01,0.060000
WV,54095,53572,2022-01-01,0.060000
WV,54095,53572,2024-01-01,0.070000
WV,54095,61636,2022-01-01,0.070000
WV,54095,74380,2022-01-01,0.070000
WV,54097,,2022-01-01,0.060000
WV,54097,11188,2022-01-01,0.070000
WV,54099,,2022-01-01,0.060000
WV,54099,39460,2022-01-01,0.070000
WV,54099,84940,2022-01-01,0.070000
WV,54101,,2022-01-01,0.060000
WV,54103,,2022-01-01,0.060000
WV,54103,39340,2022-01-01,0.070000
WV,54103,58684,2022-01-01,0.070000
WV,54103,61636,2022-01-01,0.070000
WV,54103,63892,2022-01-01,0.060000
WV,54103,63892,2022-07-01,0.070000
WV,54105,,2022-01-01,0.060000
WV,54105,24364,2022-01-01,0.070000
WV,54107,,2022-01-01,0.060000
WV,54107,62140,2022-01-01,0.070000
WV,54107,83500,2022-01-01,0.070000
WV,54107,87556,2022-01-01,0.070000
WV,54109,,2022-01-01,0.060000
WV,54109,63940,2022-01-01,0.060000
WV,54109,63940,2025-07-01,0.070000
WI,55001,,2022-01-01,0.055000
WI,55003,,2022-01-01,0.055000
WI,55005,,2022-01-01,0.055000
WI,55007,,2022-01-01,0.055000
WI,55009,,2022-01-01,0.055000
WI,55011,,2022-01-01,0.055000
WI,55013,,2022-01-01,0.055000
WI,55015,,2022-01-01,0.055000
WI,55017,,2022-01-01,0.055000
WI,55019,,2022-01-01,0.055000
WI,55021,,2022-01-01,0.055000
WI,55023,,2022-01-01,0.055000
WI,55025,,2022-01-01,0.055000
WI,55027,,2022-01-01,0.055000
WI,55029,,2022-01-01,0.055000
WI,55031,,2022-01-01,0.055000
WI,55033,,2022-01-01,0.055000
WI,55035,,2022-01-01,0.055000
WI,55037,,2022-01-01,0.055000
WI,55039,,2022-01-01,0.055000
WI,55041,,2022-01-01,0.055000
WI,55043,,2022-01-01,0.055000
WI,55045,,2022-01-01,0.055000
WI,55047,,2022-01-01,0.055000
WI,55049,,2022-01-01,0.055000
WI,55051,,2022-01-01,0.055000
WI,55053,,2022-01-01,0.055000
WI,55055,,2022-01-01,0.055000
WI,55057,,2022-01-01,0.055000
WI,55059,,2022-01-01,0.055000
WI,55061,,2022-01-01,0.055000
WI,55063,,2022-01-01,0.055000
WI,55065,,2022-01-01,0.055000
WI,55067,,2022-01-01,0.055000
WI,55069,,2022-01-01,0.055000
WI,55071,,2022-01-01,0.050000
WI,55071,,2025-01-01,0.055000
WI,55073,,2022-01-01,0.055000
WI,55075,,2022-01-01,0.055000
WI,55077,,2022-01-01,0.055000
WI,55078,,2022-01-01,0.055000
WI,55079,,2022-01-01,0.055000
WI,55079,,2024-01-01,0.059000
WI,55079,53000,2022-01-01,0.055000
WI,55079,53000,2024-01-01,0.079000
WI,55081,,2022-01-01,0.055000
WI,55081,60075,2022-01-01,0.055000
WI,55081,60075,2024-08-01,0.050000
WI,55081,60075,2026-06-01,0.055000
WI,55083,,2022-01-01,0.055000
WI,55085,,2022-01-01,0.055000
WI,55087,,2022-01-01,0.055000
WI,55089,,2022-01-01,0.055000
WI,55091,,2022-01-01,0.055000
WI,55093,,2022-01-01,0.055000
WI,55095,,2022-01-01,0.055000
WI,55097,,2022-01-01,0.055000
WI,55099,,2022-01-01,0.055000
WI,55101,,2022-01-01,0.050000
WI,55101,,2025-04-01,0.055000
WI,55103,,2022-01-01,0.055000
WI,55105,,2022-01-01,0.055000
WI,55107,,2022-01-01,0.055000
WI,55109,,2022-01-01,0.055000
WI,55111,,2022-01-01,0.055000
WI,55113,,2022-01-01,0.055000
WI,55115,,2022-01-01,0.055000
WI,55117,,2022-01-01,0.055000
WI,55119,,2022-01-01,0.055000
WI,55121,,2022-01-01,0.055000
WI,55123,,2022-01-01,0.055000
WI,55125,,2022-01-01,0.055000
WI,55127,,2022-01-01,0.055000
WI,55129,,2022-01-01,0.055000
WI,55131,,2022-01-01,0.055000
WI,55131,53000,2022-01-01,0.055000
WI,55131,53000,2024-01-01,0.075000
WI,55133,,2022-01-01,0.050000
WI,55133,53000,2022-01-01,0.050000
WI,55133,53000,2024-01-01,0.070000
WI,55135,,2022-01-01,0.055000
WI,55137,,2022-01-01,0.055000
WI,55139,,2022-01-01,0.050000
WI,55141,,2022-01-01,0.055000
WY,56001,,2022-01-01,0.060000
WY,56001,,2026-07-01,0.050000
WY,56001,,2026-10-01,0.060000
WY,56003,,2022-01-01,0.050000
WY,56005,,2022-01-01,0.050000
WY,56007,,2022-01-01,0.060000
WY,56009,,2022-01-01,0.050000
WY,56011,,2022-01-01,0.060000
WY,56011,,2025-04-01,0.050000
WY,56013,,2022-01-01,0.055000
WY,56013,,2025-04-01,0.050000
WY,56015,,2022-01-01,0.052500
WY,56017,,2022-01-01,0.060000
WY,56019,,2022-01-01,0.060000
WY,56019,,2022-07-01,0.050000
WY,56021,,2022-01-01,0.050000
WY,56021,,2022-04-01,0.060000
WY,56021,,2026-04-01,0.050000
WY,56023,,2022-01-01,0.050000
WY,56025,,2022-01-01,0.050000
WY,56025,13150,2022-01-01,0.050000
WY,56025,13150,2025-04-01,0.060000
WY,56025,13150,2026-07-01,0.050000
WY,56027,,2022-01-01,0.060000
WY,56029,,2022-01-01,0.040000
WY,56031,,2022-01-01,0.060000
WY,56033,,2022-01-01,0.060000
WY,56035,,2022-01-01,0.040000
WY,56037,,2022-01-01,0.050000
WY,56037,,2023-04-01,0.060000
WY,56039,,2022-01-01,0.060000
WY,56039,,2025-04-01,0.070000
WY,56041,,2022-01-01,0.050000
WY,56043,,2022-01-01,0.050000
WY,56045,,2022-01-01,0.060000
WY,56045,,2022-07-01,0.050000
